/1/,1,1,Engineer,Marketing
/2/,1,2,Specialist,Operations
/3/,1,3,VP,Legal
/4/,1,4,Coordinator,Operations
/5/,1,5,Coordinator,Legal
/6/,1,6,Engineer,Finance
/7/,1,7,Specialist,Finance
/8/,1,8,Specialist,Engineering
/9/,1,9,Coordinator,Engineering
/10/,1,10,VP,Engineering
/11/,1,11,Engineer,HR
/12/,1,12,Specialist,Engineering
/13/,1,13,Consultant,Legal
/14/,1,14,Senior Engineer,Operations
/15/,1,15,VP,Engineering
/16/,1,16,Architect,Legal
/17/,1,17,Engineer,HR
/18/,1,18,Coordinator,Engineering
/19/,1,19,Consultant,IT
/20/,1,20,VP,Finance
/21/,1,21,Analyst,Engineering
/22/,1,22,Engineer,Operations
/23/,1,23,Analyst,Finance
/24/,1,24,Senior Engineer,Customer Success
/25/,1,25,Architect,HR
/26/,1,26,Specialist,Legal
/27/,1,27,Consultant,Legal
/28/,1,28,Manager,IT
/29/,1,29,VP,HR
/30/,1,30,VP,Finance
/31/,1,31,VP,HR
/32/,1,32,VP,Marketing
/33/,1,33,Engineer,Engineering
/34/,1,34,Coordinator,HR
/35/,1,35,Engineer,Finance
/36/,1,36,Engineer,Legal
/37/,1,37,Director,Operations
/38/,1,38,Coordinator,R&D
/39/,1,39,Senior Engineer,IT
/40/,1,40,Manager,Engineering
/41/,1,41,Senior Engineer,Engineering
/42/,1,42,Architect,IT
/43/,1,43,Architect,Customer Success
/44/,1,44,Analyst,Customer Success
/45/,1,45,Analyst,HR
/46/,1,46,Coordinator,HR
/47/,1,47,Consultant,Legal
/48/,1,48,Architect,Sales
/49/,1,49,Coordinator,Sales
/50/,1,50,Engineer,Legal
/51/,1,51,Director,Finance
/52/,1,52,Analyst,HR
/53/,1,53,Senior Engineer,Finance
/54/,1,54,Director,Customer Success
/55/,1,55,Consultant,Sales
/56/,1,56,Consultant,Legal
/57/,1,57,Specialist,Sales
/58/,1,58,Specialist,Operations
/59/,1,59,Consultant,Marketing
/60/,1,60,Engineer,IT
/61/,1,61,Engineer,R&D
/62/,1,62,Coordinator,Legal
/63/,1,63,Engineer,R&D
/64/,1,64,Engineer,Finance
/65/,1,65,VP,Marketing
/66/,1,66,Specialist,Operations
/67/,1,67,Specialist,HR
/68/,1,68,Specialist,Customer Success
/69/,1,69,Specialist,Sales
/70/,1,70,Coordinator,Finance
/71/,1,71,Architect,Marketing
/72/,1,72,Engineer,R&D
/73/,1,73,Architect,Operations
/74/,1,74,VP,R&D
/75/,1,75,Engineer,R&D
/76/,1,76,Architect,Marketing
/77/,1,77,Director,HR
/78/,1,78,Consultant,Legal
/79/,1,79,Architect,Customer Success
/80/,1,80,VP,Legal
/81/,1,81,Specialist,Legal
/82/,1,82,Engineer,HR
/83/,1,83,Senior Engineer,Marketing
/84/,1,84,Consultant,R&D
/85/,1,85,Analyst,IT
/86/,1,86,Director,Engineering
/87/,1,87,VP,Operations
/88/,1,88,Engineer,HR
/89/,1,89,Engineer,Sales
/90/,1,90,VP,HR
/91/,1,91,Senior Engineer,Operations
/92/,1,92,VP,Legal
/93/,1,93,VP,Operations
/94/,1,94,Analyst,Sales
/95/,1,95,Coordinator,IT
/96/,1,96,Manager,HR
/97/,1,97,Coordinator,Sales
/98/,1,98,VP,R&D
/99/,1,99,Senior Engineer,Operations
/100/,1,100,Consultant,Finance
