544,LookupData_544_793382372,A,2026-08-12 20:04:58.585837
545,LookupData_545_1881574563,C,2026-08-12 20:04:58.585837
546,LookupData_546_177501264,C,2026-08-12 20:04:58.589905
547,LookupData_547_1100807302,D,2026-08-12 20:04:58.589905
548,LookupData_548_142447102,E,2026-08-12 20:04:58.589905
549,LookupData_549_1496851799,B,2026-08-12 20:04:58.593978
550,LookupData_550_1024402520,C,2026-08-12 20:04:58.593978
551,LookupData_551_556507093,B,2026-08-12 20:04:58.593978
552,LookupData_552_1133298166,D,2026-08-12 20:04:58.598056
553,LookupData_553_1248666323,D,2026-08-12 20:04:58.598056
554,LookupData_554_1944462072,A,2026-08-12 20:04:58.598056
555,LookupData_555_756478078,D,2026-08-12 20:04:58.602155
556,LookupData_556_317783032,C,2026-08-12 20:04:58.602155
557,LookupData_557_1445317574,D,2026-08-12 20:04:58.602155
558,LookupData_558_2076021835,E,2026-08-12 20:04:58.606238
559,LookupData_559_472747441,C,2026-08-12 20:04:58.606238
560,LookupData_560_1374874158,B,2026-08-12 20:04:58.606238
561,LookupData_561_2050174837,C,2026-08-12 20:04:58.606238
562,LookupData_562_1746286221,A,2026-08-12 20:04:58.610312
563,LookupData_563_1864008388,D,2026-08-12 20:04:58.610312
564,LookupData_564_386623555,D,2026-08-12 20:04:58.610312
565,LookupData_565_1203289116,B,2026-08-12 20:04:58.614391
566,LookupData_566_724536017,E,2026-08-12 20:04:58.614391
567,LookupData_567_61352212,C,2026-08-12 20:04:58.614391
568,LookupData_568_1137192883,E,2026-08-12 20:04:58.618474
569,LookupData_569_1318302965,A,2026-08-12 20:04:58.618474
570,LookupData_570_1427308354,B,2026-08-12 20:04:58.618474
571,LookupData_571_828944220,D,2026-08-12 20:04:58.618474
572,LookupData_572_702481976,D,2026-08-12 20:04:58.622556
573,LookupData_573_828140168,A,2026-08-12 20:04:58.622556
574,LookupData_574_145742132,B,2026-08-12 20:04:58.622556
575,LookupData_575_683421269,E,2026-08-12 20:04:58.626639
576,LookupData_576_119896526,A,2026-08-12 20:04:58.626639
577,LookupData_577_1366781886,E,2026-08-12 20:04:58.626639
578,LookupData_578_961342002,A,2026-08-12 20:04:58.630725
579,LookupData_579_2122954746,E,2026-08-12 20:04:58.630725
580,LookupData_580_1887743104,C,2026-08-12 20:04:58.630725
581,LookupData_581_1391992216,A,2026-08-12 20:04:58.630725
582,LookupData_582_661768510,E,2026-08-12 20:04:58.634867
583,LookupData_583_55702892,D,2026-08-12 20:04:58.634867
584,LookupData_584_133855546,C,2026-08-12 20:04:58.634867
585,LookupData_585_1655988343,E,2026-08-12 20:04:58.638943
586,LookupData_586_2096610882,C,2026-08-12 20:04:58.638943
587,LookupData_587_663689589,E,2026-08-12 20:04:58.638943
588,LookupData_588_1623675873,D,2026-08-12 20:04:58.643022
589,LookupData_589_522200120,B,2026-08-12 20:04:58.643022
590,LookupData_590_615344149,D,2026-08-12 20:04:58.643022
591,LookupData_591_1940523793,A,2026-08-12 20:04:58.643022
592,LookupData_592_458144107,D,2026-08-12 20:04:58.647100
593,LookupData_593_92515740,B,2026-08-12 20:04:58.647100
594,LookupData_594_1141961164,A,2026-08-12 20:04:58.647100
595,LookupData_595_591174374,E,2026-08-12 20:04:58.651177
596,LookupData_596_1131194234,E,2026-08-12 20:04:58.651177
597,LookupData_597_336328866,B,2026-08-12 20:04:58.651177
598,LookupData_598_1917959584,D,2026-08-12 20:04:58.655256
599,LookupData_599_1713314781,B,2026-08-12 20:04:58.655256
600,LookupData_600_478782619,B,2026-08-12 20:04:58.655256
601,LookupData_601_1172361426,D,2026-08-12 20:04:58.659328
602,LookupData_602_2057325711,D,2026-08-12 20:04:58.659328
603,LookupData_603_2087694777,A,2026-08-12 20:04:58.659328
604,LookupData_604_1013598882,C,2026-08-12 20:04:58.659328
605,LookupData_605_1302682626,A,2026-08-12 20:04:58.663400
606,LookupData_606_256602408,B,2026-08-12 20:04:58.663400
607,LookupData_607_1053814048,D,2026-08-12 20:04:58.663400
608,LookupData_608_1618744463,E,2026-08-12 20:04:58.667472
609,LookupData_609_1857189107,D,2026-08-12 20:04:58.667472
610,LookupData_610_451948415,B,2026-08-12 20:04:58.667472
611,LookupData_611_172222653,E,2026-08-12 20:04:58.671540
612,LookupData_612_128375425,E,2026-08-12 20:04:58.671540
613,LookupData_613_439340275,B,2026-08-12 20:04:58.671540
614,LookupData_614_1002826637,B,2026-08-12 20:04:58.675618
615,LookupData_615_3635062,E,2026-08-12 20:04:58.675618
616,LookupData_616_1848192884,E,2026-08-12 20:04:58.675618
617,LookupData_617_1159792911,C,2026-08-12 20:04:58.675618
618,LookupData_618_1013407785,E,2026-08-12 20:04:58.679692
619,LookupData_619_249477560,B,2026-08-12 20:04:58.679692
620,LookupData_620_1795067783,C,2026-08-12 20:04:58.679692
621,LookupData_621_1828076988,D,2026-08-12 20:04:58.683923
622,LookupData_622_1691356484,E,2026-08-12 20:04:58.683923
623,LookupData_623_1219988060,C,2026-08-12 20:04:58.683923
624,LookupData_624_1284534800,E,2026-08-12 20:04:58.688003
625,LookupData_625_1877075574,E,2026-08-12 20:04:58.688003
626,LookupData_626_555552975,C,2026-08-12 20:04:58.688003
627,LookupData_627_2096533820,B,2026-08-12 20:04:58.692077
628,LookupData_628_48301794,A,2026-08-12 20:04:58.692077
629,LookupData_629_1329953866,B,2026-08-12 20:04:58.692077
630,LookupData_630_1395869913,B,2026-08-12 20:04:58.696159
631,LookupData_631_1252936634,A,2026-08-12 20:04:58.696159
632,LookupData_632_490532895,C,2026-08-12 20:04:58.696159
633,LookupData_633_1989245340,C,2026-08-12 20:04:58.700243
634,LookupData_634_1891529713,D,2026-08-12 20:04:58.700243
635,LookupData_635_305953394,C,2026-08-12 20:04:58.700243
636,LookupData_636_205594849,A,2026-08-12 20:04:58.700243
637,LookupData_637_1504403601,C,2026-08-12 20:04:58.704329
638,LookupData_638_367154262,E,2026-08-12 20:04:58.704329
639,LookupData_639_113803635,E,2026-08-12 20:04:58.704329
640,LookupData_640_458547567,B,2026-08-12 20:04:58.708415
641,LookupData_641_1748969801,C,2026-08-12 20:04:58.708415
642,LookupData_642_441503943,C,2026-08-12 20:04:58.708415
643,LookupData_643_39177352,A,2026-08-12 20:04:58.708415
644,LookupData_644_1228710742,C,2026-08-12 20:04:58.712493
645,LookupData_645_1963348753,C,2026-08-12 20:04:58.712493
646,LookupData_646_867878890,B,2026-08-12 20:04:58.712493
647,LookupData_647_1509239352,A,2026-08-12 20:04:58.716566
648,LookupData_648_1300121173,E,2026-08-12 20:04:58.716566
649,LookupData_649_485723978,E,2026-08-12 20:04:58.716566
650,LookupData_650_1597361599,D,2026-08-12 20:04:58.720634
651,LookupData_651_1640044253,C,2026-08-12 20:04:58.720634
652,LookupData_652_2042153903,C,2026-08-12 20:04:58.720634
653,LookupData_653_256750778,C,2026-08-12 20:04:58.720634
654,LookupData_654_327246984,D,2026-08-12 20:04:58.724714
655,LookupData_655_149693092,B,2026-08-12 20:04:58.724714
656,LookupData_656_521422089,A,2026-08-12 20:04:58.724714
657,LookupData_657_2123070160,C,2026-08-12 20:04:58.728787
658,LookupData_658_1746703093,C,2026-08-12 20:04:58.728787
659,LookupData_659_1675274890,A,2026-08-12 20:04:58.728787
660,LookupData_660_1939791020,D,2026-08-12 20:04:58.732858
661,LookupData_661_856812818,E,2026-08-12 20:04:58.732858
662,LookupData_662_492816651,B,2026-08-12 20:04:58.732858
663,LookupData_663_1657870814,B,2026-08-12 20:04:58.736945
664,LookupData_664_1083006284,D,2026-08-12 20:04:58.736945
665,LookupData_665_1122285020,C,2026-08-12 20:04:58.736945
666,LookupData_666_886810949,E,2026-08-12 20:04:58.736945
667,LookupData_667_818930465,B,2026-08-12 20:04:58.741038
668,LookupData_668_685456725,C,2026-08-12 20:04:58.741038
669,LookupData_669_1849723670,D,2026-08-12 20:04:58.741038
670,LookupData_670_13149149,B,2026-08-12 20:04:58.745125
671,LookupData_671_1420350950,A,2026-08-12 20:04:58.745125
672,LookupData_672_201804851,B,2026-08-12 20:04:58.745125
673,LookupData_673_618421043,D,2026-08-12 20:04:58.749209
674,LookupData_674_175072065,D,2026-08-12 20:04:58.749209
675,LookupData_675_993348152,C,2026-08-12 20:04:58.749209
676,LookupData_676_1631801045,A,2026-08-12 20:04:58.753283
677,LookupData_677_1446669388,E,2026-08-12 20:04:58.753283
678,LookupData_678_1575444625,E,2026-08-12 20:04:58.753283
679,LookupData_679_1402480318,B,2026-08-12 20:04:58.757362
680,LookupData_680_1420805402,E,2026-08-12 20:04:58.757362
681,LookupData_681_1029465427,A,2026-08-12 20:04:58.757362
682,LookupData_682_1943201102,E,2026-08-12 20:04:58.761434
683,LookupData_683_257117643,C,2026-08-12 20:04:58.761434
684,LookupData_684_1636888030,D,2026-08-12 20:04:58.761434
685,LookupData_685_1712080891,C,2026-08-12 20:04:58.765504
686,LookupData_686_1111310049,A,2026-08-12 20:04:58.765504
687,LookupData_687_666806243,C,2026-08-12 20:04:58.765504
688,LookupData_688_1107126791,C,2026-08-12 20:04:58.769582
689,LookupData_689_1565823789,A,2026-08-12 20:04:58.769582
690,LookupData_690_560799413,D,2026-08-12 20:04:58.769582
691,LookupData_691_701097762,A,2026-08-12 20:04:58.773663
692,LookupData_692_152501047,D,2026-08-12 20:04:58.773663
693,LookupData_693_2058988552,C,2026-08-12 20:04:58.773663
694,LookupData_694_1290335558,A,2026-08-12 20:04:58.777749
695,LookupData_695_876011017,D,2026-08-12 20:04:58.777749
696,LookupData_696_1391029304,D,2026-08-12 20:04:58.777749
697,LookupData_697_912279595,A,2026-08-12 20:04:58.781832
698,LookupData_698_521405114,E,2026-08-12 20:04:58.781832
699,LookupData_699_1264521885,E,2026-08-12 20:04:58.781832
700,LookupData_700_423546901,A,2026-08-12 20:04:58.785913
701,LookupData_701_628374194,B,2026-08-12 20:04:58.785913
702,LookupData_702_769366931,A,2026-08-12 20:04:58.785913
703,LookupData_703_953029970,A,2026-08-12 20:04:58.789998
704,LookupData_704_1531533258,D,2026-08-12 20:04:58.789998
705,LookupData_705_174482407,D,2026-08-12 20:04:58.789998
706,LookupData_706_1701057863,C,2026-08-12 20:04:58.794081
707,LookupData_707_434593954,B,2026-08-12 20:04:58.794081
708,LookupData_708_264873980,E,2026-08-12 20:04:58.794081
709,LookupData_709_1106068345,B,2026-08-12 20:04:58.798162
710,LookupData_710_1102746938,E,2026-08-12 20:04:58.798162
711,LookupData_711_1230370644,A,2026-08-12 20:04:58.798162
712,LookupData_712_1363688203,E,2026-08-12 20:04:58.802236
713,LookupData_713_1363182569,E,2026-08-12 20:04:58.802236
714,LookupData_714_1254114537,D,2026-08-12 20:04:58.802236
715,LookupData_715_311433368,D,2026-08-12 20:04:58.806315
716,LookupData_716_1073167134,D,2026-08-12 20:04:58.806315
717,LookupData_717_326123594,E,2026-08-12 20:04:58.806315
718,LookupData_718_1819565346,B,2026-08-12 20:04:58.810389
719,LookupData_719_1640262314,A,2026-08-12 20:04:58.810389
720,LookupData_720_1859008384,C,2026-08-12 20:04:58.810389
721,LookupData_721_984349948,E,2026-08-12 20:04:58.814466
722,LookupData_722_1745859332,B,2026-08-12 20:04:58.814466
723,LookupData_723_504935396,A,2026-08-12 20:04:58.814466
724,LookupData_724_7805856,C,2026-08-12 20:04:58.814466
725,LookupData_725_656618851,B,2026-08-12 20:04:58.818564
726,LookupData_726_42476386,A,2026-08-12 20:04:58.818564
727,LookupData_727_950574264,E,2026-08-12 20:04:58.818564
728,LookupData_728_2106518532,D,2026-08-12 20:04:58.822646
729,LookupData_729_770354287,B,2026-08-12 20:04:58.822646
730,LookupData_730_237347632,E,2026-08-12 20:04:58.822646
731,LookupData_731_369559713,C,2026-08-12 20:04:58.826729
732,LookupData_732_1593555773,C,2026-08-12 20:04:58.826729
733,LookupData_733_36342272,D,2026-08-12 20:04:58.826729
734,LookupData_734_1428703881,C,2026-08-12 20:04:58.830886
735,LookupData_735_1420550573,D,2026-08-12 20:04:58.830886
736,LookupData_736_1347048878,D,2026-08-12 20:04:58.830886
737,LookupData_737_2032889537,A,2026-08-12 20:04:58.830886
738,LookupData_738_763841034,D,2026-08-12 20:04:58.834973
739,LookupData_739_264237653,A,2026-08-12 20:04:58.834973
740,LookupData_740_614147997,E,2026-08-12 20:04:58.834973
741,LookupData_741_276959597,C,2026-08-12 20:04:58.839052
742,LookupData_742_1351705630,B,2026-08-12 20:04:58.839052
743,LookupData_743_761296087,C,2026-08-12 20:04:58.839052
744,LookupData_744_829397845,B,2026-08-12 20:04:58.843127
745,LookupData_745_1518169466,C,2026-08-12 20:04:58.843127
746,LookupData_746_1600278666,A,2026-08-12 20:04:58.843127
747,LookupData_747_1562961855,E,2026-08-12 20:04:58.847207
748,LookupData_748_1046563959,A,2026-08-12 20:04:58.847207
749,LookupData_749_1011723900,A,2026-08-12 20:04:58.847207
750,LookupData_750_907479333,D,2026-08-12 20:04:58.851283
751,LookupData_751_878731601,D,2026-08-12 20:04:58.851283
752,LookupData_752_912806707,D,2026-08-12 20:04:58.851283
753,LookupData_753_1843597589,D,2026-08-12 20:04:58.851283
754,LookupData_754_1841776355,C,2026-08-12 20:04:58.855354
755,LookupData_755_1479046589,D,2026-08-12 20:04:58.855354
756,LookupData_756_1101254428,B,2026-08-12 20:04:58.855354
757,LookupData_757_2015575511,C,2026-08-12 20:04:58.859441
758,LookupData_758_1472253736,C,2026-08-12 20:04:58.859441
759,LookupData_759_625069886,A,2026-08-12 20:04:58.859441
760,LookupData_760_1089547567,D,2026-08-12 20:04:58.863524
761,LookupData_761_263761611,D,2026-08-12 20:04:58.863524
762,LookupData_762_1627706834,A,2026-08-12 20:04:58.863524
763,LookupData_763_435290866,C,2026-08-12 20:04:58.867608
764,LookupData_764_1310473283,A,2026-08-12 20:04:58.867608
765,LookupData_765_18618783,C,2026-08-12 20:04:58.867608
766,LookupData_766_1426225584,D,2026-08-12 20:04:58.871691
767,LookupData_767_121681283,B,2026-08-12 20:04:58.871691
768,LookupData_768_1632156508,D,2026-08-12 20:04:58.871691
769,LookupData_769_608386148,C,2026-08-12 20:04:58.875760
770,LookupData_770_1225514144,C,2026-08-12 20:04:58.875760
771,LookupData_771_1868802530,D,2026-08-12 20:04:58.875760
772,LookupData_772_830414625,A,2026-08-12 20:04:58.879858
773,LookupData_773_357506928,B,2026-08-12 20:04:58.879858
774,LookupData_774_294651454,B,2026-08-12 20:04:58.879858
775,LookupData_775_535187996,B,2026-08-12 20:04:58.879858
776,LookupData_776_799895870,E,2026-08-12 20:04:58.883934
777,LookupData_777_4272369,B,2026-08-12 20:04:58.883934
778,LookupData_778_1314670490,D,2026-08-12 20:04:58.883934
779,LookupData_779_392129363,C,2026-08-12 20:04:58.888014
780,LookupData_780_1393894720,C,2026-08-12 20:04:58.888014
781,LookupData_781_611748373,D,2026-08-12 20:04:58.888014
782,LookupData_782_1934886038,D,2026-08-12 20:04:58.892098
783,LookupData_783_1870313547,C,2026-08-12 20:04:58.892098
784,LookupData_784_1661867827,C,2026-08-12 20:04:58.892098
785,LookupData_785_952444247,E,2026-08-12 20:04:58.896180
786,LookupData_786_1106616779,D,2026-08-12 20:04:58.896180
787,LookupData_787_1053143552,A,2026-08-12 20:04:58.896180
788,LookupData_788_166947538,D,2026-08-12 20:04:58.896180
789,LookupData_789_1706581800,A,2026-08-12 20:04:58.900268
790,LookupData_790_790920056,E,2026-08-12 20:04:58.900268
791,LookupData_791_1877686690,E,2026-08-12 20:04:58.900268
792,LookupData_792_489691067,B,2026-08-12 20:04:58.904345
793,LookupData_793_683507398,D,2026-08-12 20:04:58.904345
794,LookupData_794_1231177085,B,2026-08-12 20:04:58.904345
795,LookupData_795_786311606,D,2026-08-12 20:04:58.908427
796,LookupData_796_127559452,C,2026-08-12 20:04:58.908427
797,LookupData_797_1244661111,D,2026-08-12 20:04:58.908427
798,LookupData_798_1528299465,E,2026-08-12 20:04:58.912509
799,LookupData_799_648554740,E,2026-08-12 20:04:58.912509
800,LookupData_800_1152740418,B,2026-08-12 20:04:58.912509
801,LookupData_801_1051362935,E,2026-08-12 20:04:58.912509
802,LookupData_802_149398048,B,2026-08-12 20:04:58.916583
803,LookupData_803_2085157977,E,2026-08-12 20:04:58.916583
804,LookupData_804_745192543,B,2026-08-12 20:04:58.916583
805,LookupData_805_1522032566,E,2026-08-12 20:04:58.920655
806,LookupData_806_1467360045,E,2026-08-12 20:04:58.920655
807,LookupData_807_93943606,E,2026-08-12 20:04:58.920655
808,LookupData_808_2035170795,A,2026-08-12 20:04:58.924728
809,LookupData_809_1220336334,E,2026-08-12 20:04:58.924728
810,LookupData_810_402606482,C,2026-08-12 20:04:58.924728
811,LookupData_811_536722676,D,2026-08-12 20:04:58.928799
812,LookupData_812_618317935,A,2026-08-12 20:04:58.928799
813,LookupData_813_2118289090,B,2026-08-12 20:04:58.928799
814,LookupData_814_300044062,A,2026-08-12 20:04:58.932876
815,LookupData_815_1944330473,D,2026-08-12 20:04:58.932876
816,LookupData_816_1720333582,C,2026-08-12 20:04:58.932876
817,LookupData_817_442609210,D,2026-08-12 20:04:58.932876
818,LookupData_818_857577185,E,2026-08-12 20:04:58.936950
819,LookupData_819_1140917029,E,2026-08-12 20:04:58.936950
820,LookupData_820_833936332,A,2026-08-12 20:04:58.936950
821,LookupData_821_393636928,A,2026-08-12 20:04:58.941030
822,LookupData_822_1772707702,E,2026-08-12 20:04:58.941030
823,LookupData_823_1696524526,C,2026-08-12 20:04:58.941030
824,LookupData_824_1874885586,D,2026-08-12 20:04:58.945108
825,LookupData_825_499629110,E,2026-08-12 20:04:58.945108
826,LookupData_826_1645351066,C,2026-08-12 20:04:58.945108
827,LookupData_827_785613491,A,2026-08-12 20:04:58.949189
828,LookupData_828_1939357400,D,2026-08-12 20:04:58.949189
829,LookupData_829_1271432550,E,2026-08-12 20:04:58.949189
830,LookupData_830_1821991232,A,2026-08-12 20:04:58.953263
831,LookupData_831_825157882,D,2026-08-12 20:04:58.953263
832,LookupData_832_496283192,A,2026-08-12 20:04:58.953263
833,LookupData_833_567700061,B,2026-08-12 20:04:58.957349
834,LookupData_834_1688590658,C,2026-08-12 20:04:58.957349
835,LookupData_835_569690087,A,2026-08-12 20:04:58.957349
836,LookupData_836_1029293692,E,2026-08-12 20:04:58.957349
837,LookupData_837_1077460805,C,2026-08-12 20:04:58.961431
838,LookupData_838_1755627959,E,2026-08-12 20:04:58.961431
839,LookupData_839_660651451,A,2026-08-12 20:04:58.965505
840,LookupData_840_540090612,A,2026-08-12 20:04:58.965505
841,LookupData_841_1820769278,A,2026-08-12 20:04:58.965505
842,LookupData_842_286842257,C,2026-08-12 20:04:58.969581
843,LookupData_843_145198502,B,2026-08-12 20:04:58.969581
844,LookupData_844_1014635319,C,2026-08-12 20:04:58.969581
845,LookupData_845_587993482,E,2026-08-12 20:04:58.973656
846,LookupData_846_71231356,D,2026-08-12 20:04:58.973656
847,LookupData_847_754518687,E,2026-08-12 20:04:58.973656
848,LookupData_848_1313676166,D,2026-08-12 20:04:58.973656
849,LookupData_849_49238340,B,2026-08-12 20:04:58.977732
850,LookupData_850_1766692418,D,2026-08-12 20:04:58.977732
851,LookupData_851_960915387,D,2026-08-12 20:04:58.977732
852,LookupData_852_1767786324,A,2026-08-12 20:04:58.981860
853,LookupData_853_171548019,B,2026-08-12 20:04:58.981860
854,LookupData_854_1817492187,C,2026-08-12 20:04:58.981860
855,LookupData_855_663781653,B,2026-08-12 20:04:58.985939
856,LookupData_856_1740918232,E,2026-08-12 20:04:58.985939
857,LookupData_857_2029860894,A,2026-08-12 20:04:58.985939
858,LookupData_858_1905930727,B,2026-08-12 20:04:58.985939
859,LookupData_859_1476167547,B,2026-08-12 20:04:58.990016
860,LookupData_860_1920099659,D,2026-08-12 20:04:58.990016
861,LookupData_861_1038698484,C,2026-08-12 20:04:58.990016
862,LookupData_862_2143873820,C,2026-08-12 20:04:58.994116
863,LookupData_863_1899893844,D,2026-08-12 20:04:58.994116
864,LookupData_864_810264639,C,2026-08-12 20:04:58.994116
865,LookupData_865_1963446183,A,2026-08-12 20:04:58.998193
866,LookupData_866_706340181,A,2026-08-12 20:04:58.998193
867,LookupData_867_299634918,B,2026-08-12 20:04:58.998193
868,LookupData_868_1353672848,E,2026-08-12 20:04:59.002272
869,LookupData_869_363739590,C,2026-08-12 20:04:59.002272
870,LookupData_870_1452450537,A,2026-08-12 20:04:59.002272
871,LookupData_871_611663901,A,2026-08-12 20:04:59.006343
872,LookupData_872_918486279,E,2026-08-12 20:04:59.006343
873,LookupData_873_1878703984,D,2026-08-12 20:04:59.006343
874,LookupData_874_848554048,B,2026-08-12 20:04:59.006343
875,LookupData_875_1869508085,B,2026-08-12 20:04:59.010419
876,LookupData_876_912426155,C,2026-08-12 20:04:59.010419
877,LookupData_877_1311477789,E,2026-08-12 20:04:59.010419
878,LookupData_878_18148624,B,2026-08-12 20:04:59.014498
879,LookupData_879_2042656156,A,2026-08-12 20:04:59.014498
880,LookupData_880_1036241683,D,2026-08-12 20:04:59.014498
881,LookupData_881_573539891,A,2026-08-12 20:04:59.018571
882,LookupData_882_439248976,C,2026-08-12 20:04:59.018571
883,LookupData_883_241078988,A,2026-08-12 20:04:59.018571
884,LookupData_884_1850295584,B,2026-08-12 20:04:59.018571
885,LookupData_885_1895592334,D,2026-08-12 20:04:59.022644
886,LookupData_886_2063118490,E,2026-08-12 20:04:59.022644
887,LookupData_887_1114635692,B,2026-08-12 20:04:59.022644
888,LookupData_888_753215509,B,2026-08-12 20:04:59.026717
889,LookupData_889_2105869955,D,2026-08-12 20:04:59.026717
890,LookupData_890_931856145,C,2026-08-12 20:04:59.026717
891,LookupData_891_848769734,C,2026-08-12 20:04:59.030845
892,LookupData_892_523377056,A,2026-08-12 20:04:59.030845
893,LookupData_893_542888323,B,2026-08-12 20:04:59.030845
894,LookupData_894_1405453794,B,2026-08-12 20:04:59.034930
895,LookupData_895_1829308262,C,2026-08-12 20:04:59.034930
896,LookupData_896_729761743,D,2026-08-12 20:04:59.034930
897,LookupData_897_669689996,D,2026-08-12 20:04:59.034930
898,LookupData_898_549126848,D,2026-08-12 20:04:59.039012
899,LookupData_899_1583924653,E,2026-08-12 20:04:59.039012
900,LookupData_900_1990769869,D,2026-08-12 20:04:59.039012
901,LookupData_901_793362537,A,2026-08-12 20:04:59.043090
902,LookupData_902_2042099067,D,2026-08-12 20:04:59.043090
903,LookupData_903_569180333,C,2026-08-12 20:04:59.043090
904,LookupData_904_601596263,B,2026-08-12 20:04:59.047167
905,LookupData_905_1075466321,D,2026-08-12 20:04:59.047167
906,LookupData_906_802826201,D,2026-08-12 20:04:59.047167
907,LookupData_907_128023917,C,2026-08-12 20:04:59.051246
908,LookupData_908_1053397576,C,2026-08-12 20:04:59.051246
909,LookupData_909_1578184015,E,2026-08-12 20:04:59.051246
910,LookupData_910_379414374,A,2026-08-12 20:04:59.055329
911,LookupData_911_583852725,E,2026-08-12 20:04:59.055329
912,LookupData_912_571227485,A,2026-08-12 20:04:59.059408
913,LookupData_913_1247299203,E,2026-08-12 20:04:59.059408
914,LookupData_914_1662509740,A,2026-08-12 20:04:59.059408
915,LookupData_915_1079936347,D,2026-08-12 20:04:59.063485
916,LookupData_916_994401879,C,2026-08-12 20:04:59.063485
917,LookupData_917_1073769455,D,2026-08-12 20:04:59.063485
918,LookupData_918_930794403,B,2026-08-12 20:04:59.067560
919,LookupData_919_1791507453,B,2026-08-12 20:04:59.067560
920,LookupData_920_1107482964,D,2026-08-12 20:04:59.067560
921,LookupData_921_1964987099,A,2026-08-12 20:04:59.071638
922,LookupData_922_405705210,E,2026-08-12 20:04:59.071638
923,LookupData_923_1345961838,E,2026-08-12 20:04:59.071638
924,LookupData_924_515920056,E,2026-08-12 20:04:59.075715
925,LookupData_925_670221842,D,2026-08-12 20:04:59.075715
926,LookupData_926_469245179,A,2026-08-12 20:04:59.075715
927,LookupData_927_116118423,B,2026-08-12 20:04:59.079796
928,LookupData_928_858473196,C,2026-08-12 20:04:59.079796
929,LookupData_929_1017455254,B,2026-08-12 20:04:59.079796
930,LookupData_930_1056986641,E,2026-08-12 20:04:59.083867
931,LookupData_931_1984684594,B,2026-08-12 20:04:59.083867
932,LookupData_932_1293110894,B,2026-08-12 20:04:59.083867
933,LookupData_933_2048062511,D,2026-08-12 20:04:59.083867
934,LookupData_934_1606759830,A,2026-08-12 20:04:59.087954
935,LookupData_935_743293207,E,2026-08-12 20:04:59.087954
936,LookupData_936_728752399,E,2026-08-12 20:04:59.087954
937,LookupData_937_565566956,B,2026-08-12 20:04:59.092036
938,LookupData_938_669246673,D,2026-08-12 20:04:59.092036
939,LookupData_939_1102664017,B,2026-08-12 20:04:59.092036
940,LookupData_940_1622095424,E,2026-08-12 20:04:59.096112
941,LookupData_941_819207932,D,2026-08-12 20:04:59.096112
942,LookupData_942_1323660575,C,2026-08-12 20:04:59.096112
943,LookupData_943_2029464752,B,2026-08-12 20:04:59.100191
944,LookupData_944_1271464895,B,2026-08-12 20:04:59.100191
945,LookupData_945_1620896830,A,2026-08-12 20:04:59.100191
946,LookupData_946_771653034,D,2026-08-12 20:04:59.104266
947,LookupData_947_574751630,B,2026-08-12 20:04:59.104266
948,LookupData_948_2060038127,C,2026-08-12 20:04:59.104266
949,LookupData_949_1554627184,C,2026-08-12 20:04:59.108344
950,LookupData_950_279132492,E,2026-08-12 20:04:59.108344
951,LookupData_951_372391741,D,2026-08-12 20:04:59.108344
952,LookupData_952_1036586700,B,2026-08-12 20:04:59.108344
953,LookupData_953_1582697121,A,2026-08-12 20:04:59.112415
954,LookupData_954_669740604,C,2026-08-12 20:04:59.112415
955,LookupData_955_951405394,C,2026-08-12 20:04:59.112415
956,LookupData_956_1729337244,A,2026-08-12 20:04:59.116493
957,LookupData_957_484139456,B,2026-08-12 20:04:59.116493
958,LookupData_958_768771179,A,2026-08-12 20:04:59.116493
959,LookupData_959_1560433886,E,2026-08-12 20:04:59.120576
960,LookupData_960_271522844,D,2026-08-12 20:04:59.120576
961,LookupData_961_479379528,C,2026-08-12 20:04:59.120576
962,LookupData_962_814251214,E,2026-08-12 20:04:59.120576
963,LookupData_963_798626129,A,2026-08-12 20:04:59.124652
964,LookupData_964_1136117093,B,2026-08-12 20:04:59.124652
965,LookupData_965_932553592,B,2026-08-12 20:04:59.124652
966,LookupData_966_1866733586,A,2026-08-12 20:04:59.128724
967,LookupData_967_1350760497,D,2026-08-12 20:04:59.128724
968,LookupData_968_1036888094,B,2026-08-12 20:04:59.128724
969,LookupData_969_71340958,D,2026-08-12 20:04:59.132805
970,LookupData_970_148913604,A,2026-08-12 20:04:59.132805
971,LookupData_971_177787883,D,2026-08-12 20:04:59.132805
972,LookupData_972_1227514886,B,2026-08-12 20:04:59.136881
973,LookupData_973_1599671301,C,2026-08-12 20:04:59.136881
974,LookupData_974_2006943496,C,2026-08-12 20:04:59.136881
975,LookupData_975_1417493471,C,2026-08-12 20:04:59.136881
976,LookupData_976_1316718601,B,2026-08-12 20:04:59.140956
977,LookupData_977_1345462409,C,2026-08-12 20:04:59.140956
978,LookupData_978_859248925,D,2026-08-12 20:04:59.140956
979,LookupData_979_1612638538,E,2026-08-12 20:04:59.145034
980,LookupData_980_1313188486,B,2026-08-12 20:04:59.145034
981,LookupData_981_2113029532,B,2026-08-12 20:04:59.145034
982,LookupData_982_72534899,B,2026-08-12 20:04:59.149106
983,LookupData_983_197840776,E,2026-08-12 20:04:59.149106
984,LookupData_984_1824952608,C,2026-08-12 20:04:59.149106
985,LookupData_985_1913142048,B,2026-08-12 20:04:59.153192
986,LookupData_986_1029609778,C,2026-08-12 20:04:59.153192
987,LookupData_987_1770718767,E,2026-08-12 20:04:59.153192
988,LookupData_988_745364658,B,2026-08-12 20:04:59.153192
989,LookupData_989_838815072,C,2026-08-12 20:04:59.157271
990,LookupData_990_613240730,A,2026-08-12 20:04:59.157271
991,LookupData_991_934531512,B,2026-08-12 20:04:59.157271
992,LookupData_992_899316379,D,2026-08-12 20:04:59.161345
993,LookupData_993_2061983050,D,2026-08-12 20:04:59.161345
994,LookupData_994_420597187,D,2026-08-12 20:04:59.161345
995,LookupData_995_17555602,E,2026-08-12 20:04:59.165416
996,LookupData_996_976092919,C,2026-08-12 20:04:59.165416
997,LookupData_997_232541271,D,2026-08-12 20:04:59.165416
998,LookupData_998_107787249,D,2026-08-12 20:04:59.169501
999,LookupData_999_1709765233,B,2026-08-12 20:04:59.169501
1000,LookupData_1000_2119458059,E,2026-08-12 20:04:59.169501
1,LookupData_1_1299438225,B,2026-08-12 20:04:57.867153
2,LookupData_2_1525058786,E,2026-08-12 20:04:57.871227
3,LookupData_3_406462356,E,2026-08-12 20:04:57.871227
4,LookupData_4_817602274,A,2026-08-12 20:04:57.875301
5,LookupData_5_1893722690,E,2026-08-12 20:04:57.875301
6,LookupData_6_1230981021,B,2026-08-12 20:04:57.875301
7,LookupData_7_930250079,B,2026-08-12 20:04:57.875301
8,LookupData_8_960609218,B,2026-08-12 20:04:57.879382
9,LookupData_9_933578795,B,2026-08-12 20:04:57.879382
10,LookupData_10_1069028688,B,2026-08-12 20:04:57.883461
11,LookupData_11_307104483,C,2026-08-12 20:04:57.883461
12,LookupData_12_51808646,E,2026-08-12 20:04:57.883461
13,LookupData_13_1774805913,C,2026-08-12 20:04:57.887543
14,LookupData_14_1746767622,B,2026-08-12 20:04:57.887543
15,LookupData_15_1265945173,D,2026-08-12 20:04:57.887543
16,LookupData_16_555697117,B,2026-08-12 20:04:57.891620
17,LookupData_17_1467371815,C,2026-08-12 20:04:57.891620
18,LookupData_18_716559132,A,2026-08-12 20:04:57.891620
19,LookupData_19_710294594,B,2026-08-12 20:04:57.891620
20,LookupData_20_225217517,D,2026-08-12 20:04:57.895699
21,LookupData_21_462848843,D,2026-08-12 20:04:57.895699
22,LookupData_22_1079882803,D,2026-08-12 20:04:57.895699
23,LookupData_23_329053395,B,2026-08-12 20:04:57.899847
24,LookupData_24_1518196219,A,2026-08-12 20:04:57.899847
25,LookupData_25_128125974,E,2026-08-12 20:04:57.899847
26,LookupData_26_847744645,C,2026-08-12 20:04:57.903932
27,LookupData_27_1849082728,C,2026-08-12 20:04:57.903932
28,LookupData_28_514065825,B,2026-08-12 20:04:57.903932
29,LookupData_29_663151740,E,2026-08-12 20:04:57.903932
30,LookupData_30_531862982,C,2026-08-12 20:04:57.908018
31,LookupData_31_1757111677,C,2026-08-12 20:04:57.908018
32,LookupData_32_406961757,A,2026-08-12 20:04:57.912097
33,LookupData_33_1728663274,D,2026-08-12 20:04:57.912097
34,LookupData_34_1780123387,E,2026-08-12 20:04:57.912097
35,LookupData_35_2034523011,B,2026-08-12 20:04:57.916175
36,LookupData_36_735946062,B,2026-08-12 20:04:57.916175
37,LookupData_37_939581853,E,2026-08-12 20:04:57.916175
38,LookupData_38_1573538938,E,2026-08-12 20:04:57.920256
39,LookupData_39_151269004,A,2026-08-12 20:04:57.920256
40,LookupData_40_592007005,B,2026-08-12 20:04:57.920256
41,LookupData_41_511377163,E,2026-08-12 20:04:57.924356
42,LookupData_42_60344390,D,2026-08-12 20:04:57.924356
43,LookupData_43_116292474,A,2026-08-12 20:04:57.924356
44,LookupData_44_2065809534,A,2026-08-12 20:04:57.928434
45,LookupData_45_1296342580,D,2026-08-12 20:04:57.928434
46,LookupData_46_1183441927,E,2026-08-12 20:04:57.928434
47,LookupData_47_1479090057,C,2026-08-12 20:04:57.932507
48,LookupData_48_215798671,A,2026-08-12 20:04:57.932507
49,LookupData_49_1162982936,A,2026-08-12 20:04:57.932507
50,LookupData_50_2128671831,C,2026-08-12 20:04:57.936592
51,LookupData_51_523469246,E,2026-08-12 20:04:57.936592
52,LookupData_52_279552605,B,2026-08-12 20:04:57.936592
53,LookupData_53_782631851,B,2026-08-12 20:04:57.940670
54,LookupData_54_1068272577,E,2026-08-12 20:04:57.940670
55,LookupData_55_1496767499,C,2026-08-12 20:04:57.940670
56,LookupData_56_759253092,C,2026-08-12 20:04:57.944746
57,LookupData_57_2083879023,C,2026-08-12 20:04:57.944746
58,LookupData_58_262110357,B,2026-08-12 20:04:57.944746
59,LookupData_59_2118585834,D,2026-08-12 20:04:57.948822
60,LookupData_60_2051422571,E,2026-08-12 20:04:57.948822
61,LookupData_61_959153619,D,2026-08-12 20:04:57.948822
62,LookupData_62_913620041,B,2026-08-12 20:04:57.952904
63,LookupData_63_111974975,B,2026-08-12 20:04:57.952904
64,LookupData_64_1990159520,A,2026-08-12 20:04:57.952904
65,LookupData_65_2029925849,D,2026-08-12 20:04:57.956980
66,LookupData_66_1696373788,A,2026-08-12 20:04:57.956980
67,LookupData_67_1035954392,A,2026-08-12 20:04:57.956980
68,LookupData_68_1941364077,B,2026-08-12 20:04:57.961053
69,LookupData_69_328589640,E,2026-08-12 20:04:57.961053
70,LookupData_70_1848021052,E,2026-08-12 20:04:57.961053
71,LookupData_71_416354186,D,2026-08-12 20:04:57.965127
72,LookupData_72_1979899671,E,2026-08-12 20:04:57.965127
73,LookupData_73_1641504622,D,2026-08-12 20:04:57.965127
74,LookupData_74_962090515,D,2026-08-12 20:04:57.969206
75,LookupData_75_1110135220,C,2026-08-12 20:04:57.969206
76,LookupData_76_223366031,B,2026-08-12 20:04:57.973276
77,LookupData_77_1954626408,A,2026-08-12 20:04:57.973276
78,LookupData_78_811117151,E,2026-08-12 20:04:57.973276
79,LookupData_79_1423671617,B,2026-08-12 20:04:57.977353
80,LookupData_80_1120444971,A,2026-08-12 20:04:57.977353
81,LookupData_81_2007816338,C,2026-08-12 20:04:57.977353
82,LookupData_82_344523724,B,2026-08-12 20:04:57.981429
83,LookupData_83_1205503884,E,2026-08-12 20:04:57.981429
84,LookupData_84_1189029719,A,2026-08-12 20:04:57.981429
85,LookupData_85_1663243010,C,2026-08-12 20:04:57.981429
86,LookupData_86_777892496,B,2026-08-12 20:04:57.985505
87,LookupData_87_889923748,D,2026-08-12 20:04:57.985505
88,LookupData_88_1678921498,E,2026-08-12 20:04:57.985505
89,LookupData_89_674725137,C,2026-08-12 20:04:57.989585
90,LookupData_90_158190129,D,2026-08-12 20:04:57.989585
91,LookupData_91_176779626,E,2026-08-12 20:04:57.989585
92,LookupData_92_909048851,A,2026-08-12 20:04:57.993665
93,LookupData_93_2049164314,C,2026-08-12 20:04:57.993665
94,LookupData_94_1429553174,B,2026-08-12 20:04:57.993665
95,LookupData_95_1972043207,B,2026-08-12 20:04:57.997744
96,LookupData_96_1248177932,C,2026-08-12 20:04:57.997744
97,LookupData_97_276562828,B,2026-08-12 20:04:57.997744
98,LookupData_98_577022562,D,2026-08-12 20:04:58.001824
99,LookupData_99_1576155398,E,2026-08-12 20:04:58.001824
100,LookupData_100_1743281781,C,2026-08-12 20:04:58.001824
101,LookupData_101_878609246,E,2026-08-12 20:04:58.005902
102,LookupData_102_152918480,C,2026-08-12 20:04:58.005902
103,LookupData_103_736689793,C,2026-08-12 20:04:58.005902
104,LookupData_104_1063433906,E,2026-08-12 20:04:58.009984
105,LookupData_105_1416759422,C,2026-08-12 20:04:58.009984
106,LookupData_106_1999966860,A,2026-08-12 20:04:58.009984
107,LookupData_107_641522201,E,2026-08-12 20:04:58.014059
108,LookupData_108_28378948,B,2026-08-12 20:04:58.014059
109,LookupData_109_445509385,C,2026-08-12 20:04:58.014059
110,LookupData_110_1303652377,C,2026-08-12 20:04:58.018137
111,LookupData_111_922170457,D,2026-08-12 20:04:58.018137
112,LookupData_112_1562940034,B,2026-08-12 20:04:58.018137
113,LookupData_113_1468291307,A,2026-08-12 20:04:58.022214
114,LookupData_114_667555372,E,2026-08-12 20:04:58.022214
115,LookupData_115_2067574402,D,2026-08-12 20:04:58.022214
116,LookupData_116_2033569169,C,2026-08-12 20:04:58.026297
117,LookupData_117_437273249,E,2026-08-12 20:04:58.026297
118,LookupData_118_658765532,B,2026-08-12 20:04:58.026297
119,LookupData_119_865070378,E,2026-08-12 20:04:58.030388
120,LookupData_120_707286911,B,2026-08-12 20:04:58.030388
121,LookupData_121_1372472313,A,2026-08-12 20:04:58.030388
122,LookupData_122_1388851444,B,2026-08-12 20:04:58.034464
123,LookupData_123_1117941373,A,2026-08-12 20:04:58.034464
124,LookupData_124_991812519,D,2026-08-12 20:04:58.034464
125,LookupData_125_1315810222,A,2026-08-12 20:04:58.038539
126,LookupData_126_358404180,A,2026-08-12 20:04:58.038539
127,LookupData_127_1663277227,B,2026-08-12 20:04:58.038539
128,LookupData_128_1883573066,D,2026-08-12 20:04:58.042610
129,LookupData_129_1693468515,D,2026-08-12 20:04:58.042610
130,LookupData_130_1646845925,E,2026-08-12 20:04:58.042610
131,LookupData_131_1431739034,D,2026-08-12 20:04:58.046692
132,LookupData_132_959828957,C,2026-08-12 20:04:58.046692
133,LookupData_133_553738296,B,2026-08-12 20:04:58.050849
134,LookupData_134_715826613,A,2026-08-12 20:04:58.050849
135,LookupData_135_159114736,A,2026-08-12 20:04:58.050849
136,LookupData_136_10459336,B,2026-08-12 20:04:58.054936
137,LookupData_137_282304832,E,2026-08-12 20:04:58.054936
138,LookupData_138_311342185,C,2026-08-12 20:04:58.054936
139,LookupData_139_2146291210,B,2026-08-12 20:04:58.059014
140,LookupData_140_1780462567,D,2026-08-12 20:04:58.059014
141,LookupData_141_535203280,A,2026-08-12 20:04:58.059014
142,LookupData_142_1042530357,A,2026-08-12 20:04:58.063096
143,LookupData_143_382307115,A,2026-08-12 20:04:58.063096
144,LookupData_144_2067338225,C,2026-08-12 20:04:58.063096
145,LookupData_145_1996225936,E,2026-08-12 20:04:58.067181
146,LookupData_146_1520285917,D,2026-08-12 20:04:58.067181
147,LookupData_147_103902010,B,2026-08-12 20:04:58.067181
148,LookupData_148_313798674,A,2026-08-12 20:04:58.067181
149,LookupData_149_2072222610,B,2026-08-12 20:04:58.071265
150,LookupData_150_447728433,C,2026-08-12 20:04:58.071265
151,LookupData_151_888002426,E,2026-08-12 20:04:58.071265
152,LookupData_152_1011259004,D,2026-08-12 20:04:58.075339
153,LookupData_153_1322815763,E,2026-08-12 20:04:58.075339
154,LookupData_154_621127158,B,2026-08-12 20:04:58.075339
155,LookupData_155_1531681817,A,2026-08-12 20:04:58.079417
156,LookupData_156_1138335224,B,2026-08-12 20:04:58.079417
157,LookupData_157_1302892482,D,2026-08-12 20:04:58.079417
158,LookupData_158_1213803494,E,2026-08-12 20:04:58.083485
159,LookupData_159_2428120,A,2026-08-12 20:04:58.083485
160,LookupData_160_167318297,A,2026-08-12 20:04:58.083485
161,LookupData_161_834324493,D,2026-08-12 20:04:58.083485
162,LookupData_162_988579704,A,2026-08-12 20:04:58.087566
163,LookupData_163_568745914,E,2026-08-12 20:04:58.087566
164,LookupData_164_469544531,C,2026-08-12 20:04:58.087566
165,LookupData_165_947868996,A,2026-08-12 20:04:58.091648
166,LookupData_166_2023002685,C,2026-08-12 20:04:58.091648
167,LookupData_167_598606930,C,2026-08-12 20:04:58.091648
168,LookupData_168_1601727359,B,2026-08-12 20:04:58.095734
169,LookupData_169_1360653954,B,2026-08-12 20:04:58.095734
170,LookupData_170_1892424468,D,2026-08-12 20:04:58.095734
171,LookupData_171_1128344867,E,2026-08-12 20:04:58.099871
172,LookupData_172_1698030849,E,2026-08-12 20:04:58.099871
173,LookupData_173_316019734,B,2026-08-12 20:04:58.099871
174,LookupData_174_678807307,D,2026-08-12 20:04:58.103950
175,LookupData_175_632864702,D,2026-08-12 20:04:58.103950
176,LookupData_176_431696577,C,2026-08-12 20:04:58.103950
177,LookupData_177_1191562495,E,2026-08-12 20:04:58.108024
178,LookupData_178_1671727106,E,2026-08-12 20:04:58.108024
179,LookupData_179_1851453629,B,2026-08-12 20:04:58.108024
180,LookupData_180_911330831,B,2026-08-12 20:04:58.112104
181,LookupData_181_602985248,D,2026-08-12 20:04:58.112104
182,LookupData_182_288562356,D,2026-08-12 20:04:58.112104
183,LookupData_183_531420741,E,2026-08-12 20:04:58.116179
184,LookupData_184_824095898,D,2026-08-12 20:04:58.116179
185,LookupData_185_839355578,C,2026-08-12 20:04:58.116179
186,LookupData_186_997718025,D,2026-08-12 20:04:58.120262
187,LookupData_187_1789757052,E,2026-08-12 20:04:58.120262
188,LookupData_188_1935819716,B,2026-08-12 20:04:58.120262
189,LookupData_189_967683642,B,2026-08-12 20:04:58.124341
190,LookupData_190_1748845256,C,2026-08-12 20:04:58.124341
191,LookupData_191_1824583041,B,2026-08-12 20:04:58.124341
192,LookupData_192_877790551,C,2026-08-12 20:04:58.128417
193,LookupData_193_2118709687,A,2026-08-12 20:04:58.128417
194,LookupData_194_32134922,C,2026-08-12 20:04:58.128417
195,LookupData_195_1781346785,D,2026-08-12 20:04:58.128417
196,LookupData_196_1159859254,D,2026-08-12 20:04:58.132494
197,LookupData_197_316801441,B,2026-08-12 20:04:58.132494
198,LookupData_198_1086739680,A,2026-08-12 20:04:58.132494
199,LookupData_199_437312992,E,2026-08-12 20:04:58.136568
200,LookupData_200_433250769,E,2026-08-12 20:04:58.136568
201,LookupData_201_1522691659,E,2026-08-12 20:04:58.136568
202,LookupData_202_743607037,A,2026-08-12 20:04:58.140649
203,LookupData_203_1133605858,B,2026-08-12 20:04:58.140649
204,LookupData_204_570525159,A,2026-08-12 20:04:58.140649
205,LookupData_205_1715103401,C,2026-08-12 20:04:58.144722
206,LookupData_206_1858098681,C,2026-08-12 20:04:58.144722
207,LookupData_207_2122666197,B,2026-08-12 20:04:58.144722
208,LookupData_208_1003622797,D,2026-08-12 20:04:58.144722
209,LookupData_209_1492139547,C,2026-08-12 20:04:58.148846
210,LookupData_210_478975565,A,2026-08-12 20:04:58.148846
211,LookupData_211_483928661,B,2026-08-12 20:04:58.148846
212,LookupData_212_908531882,C,2026-08-12 20:04:58.152921
213,LookupData_213_1884878317,D,2026-08-12 20:04:58.152921
214,LookupData_214_789346443,B,2026-08-12 20:04:58.157004
215,LookupData_215_2130748842,D,2026-08-12 20:04:58.157004
216,LookupData_216_93874060,A,2026-08-12 20:04:58.157004
217,LookupData_217_1430131114,A,2026-08-12 20:04:58.161077
218,LookupData_218_701074938,D,2026-08-12 20:04:58.161077
219,LookupData_219_2099868405,A,2026-08-12 20:04:58.161077
220,LookupData_220_688988311,B,2026-08-12 20:04:58.165157
221,LookupData_221_1600950352,C,2026-08-12 20:04:58.165157
222,LookupData_222_1433220477,B,2026-08-12 20:04:58.165157
223,LookupData_223_684678187,C,2026-08-12 20:04:58.169235
224,LookupData_224_895616847,A,2026-08-12 20:04:58.169235
225,LookupData_225_728805832,A,2026-08-12 20:04:58.169235
226,LookupData_226_1405929439,E,2026-08-12 20:04:58.169235
227,LookupData_227_612015778,E,2026-08-12 20:04:58.173311
228,LookupData_228_123649188,C,2026-08-12 20:04:58.173311
229,LookupData_229_57425913,B,2026-08-12 20:04:58.173311
230,LookupData_230_977429694,A,2026-08-12 20:04:58.177385
231,LookupData_231_374010344,D,2026-08-12 20:04:58.177385
232,LookupData_232_678794032,C,2026-08-12 20:04:58.177385
233,LookupData_233_1590455915,B,2026-08-12 20:04:58.177385
234,LookupData_234_497267803,B,2026-08-12 20:04:58.181459
235,LookupData_235_1073332590,B,2026-08-12 20:04:58.181459
236,LookupData_236_130939053,C,2026-08-12 20:04:58.181459
237,LookupData_237_463989448,A,2026-08-12 20:04:58.185533
238,LookupData_238_728282346,A,2026-08-12 20:04:58.185533
239,LookupData_239_1426231861,E,2026-08-12 20:04:58.185533
240,LookupData_240_1167897273,B,2026-08-12 20:04:58.189607
241,LookupData_241_327563587,A,2026-08-12 20:04:58.189607
242,LookupData_242_703068823,E,2026-08-12 20:04:58.189607
243,LookupData_243_760273883,C,2026-08-12 20:04:58.193689
244,LookupData_244_1742700214,B,2026-08-12 20:04:58.193689
245,LookupData_245_96279947,C,2026-08-12 20:04:58.193689
246,LookupData_246_1904161517,D,2026-08-12 20:04:58.197849
247,LookupData_247_721530774,E,2026-08-12 20:04:58.197849
248,LookupData_248_456491831,B,2026-08-12 20:04:58.197849
249,LookupData_249_1198688858,C,2026-08-12 20:04:58.201936
250,LookupData_250_663702564,D,2026-08-12 20:04:58.201936
251,LookupData_251_2088586490,A,2026-08-12 20:04:58.201936
252,LookupData_252_330692600,A,2026-08-12 20:04:58.201936
253,LookupData_253_1431763976,E,2026-08-12 20:04:58.206019
254,LookupData_254_2014925406,A,2026-08-12 20:04:58.206019
255,LookupData_255_327440311,A,2026-08-12 20:04:58.206019
256,LookupData_256_1286656645,A,2026-08-12 20:04:58.210105
257,LookupData_257_566256790,A,2026-08-12 20:04:58.210105
258,LookupData_258_1226685084,E,2026-08-12 20:04:58.210105
259,LookupData_259_1150374942,E,2026-08-12 20:04:58.214188
260,LookupData_260_969757105,C,2026-08-12 20:04:58.214188
261,LookupData_261_1137360929,E,2026-08-12 20:04:58.214188
262,LookupData_262_1516624801,D,2026-08-12 20:04:58.218272
263,LookupData_263_550479968,E,2026-08-12 20:04:58.218272
264,LookupData_264_1311126161,A,2026-08-12 20:04:58.218272
265,LookupData_265_1030634440,D,2026-08-12 20:04:58.222359
266,LookupData_266_1255149276,D,2026-08-12 20:04:58.222359
267,LookupData_267_1919459482,B,2026-08-12 20:04:58.222359
268,LookupData_268_1863638867,B,2026-08-12 20:04:58.226439
269,LookupData_269_323370647,A,2026-08-12 20:04:58.226439
270,LookupData_270_1306166607,E,2026-08-12 20:04:58.226439
271,LookupData_271_267000517,A,2026-08-12 20:04:58.226439
272,LookupData_272_1705651323,D,2026-08-12 20:04:58.230521
273,LookupData_273_1328239991,A,2026-08-12 20:04:58.230521
274,LookupData_274_177693335,E,2026-08-12 20:04:58.230521
275,LookupData_275_1501031635,A,2026-08-12 20:04:58.234593
276,LookupData_276_505381699,C,2026-08-12 20:04:58.234593
277,LookupData_277_1918101954,D,2026-08-12 20:04:58.234593
278,LookupData_278_2026022914,E,2026-08-12 20:04:58.238671
279,LookupData_279_1594957083,B,2026-08-12 20:04:58.238671
280,LookupData_280_280324711,C,2026-08-12 20:04:58.238671
281,LookupData_281_1501253803,C,2026-08-12 20:04:58.242827
282,LookupData_282_1228451781,D,2026-08-12 20:04:58.242827
283,LookupData_283_1007676679,E,2026-08-12 20:04:58.242827
284,LookupData_284_115530166,B,2026-08-12 20:04:58.246907
285,LookupData_285_192357008,A,2026-08-12 20:04:58.246907
286,LookupData_286_505667856,A,2026-08-12 20:04:58.250980
287,LookupData_287_587731634,C,2026-08-12 20:04:58.250980
288,LookupData_288_1351072724,A,2026-08-12 20:04:58.250980
289,LookupData_289_652099124,D,2026-08-12 20:04:58.255070
290,LookupData_290_102711257,A,2026-08-12 20:04:58.255070
291,LookupData_291_175460876,A,2026-08-12 20:04:58.259153
292,LookupData_292_132937961,A,2026-08-12 20:04:58.259153
293,LookupData_293_1645206729,B,2026-08-12 20:04:58.263232
294,LookupData_294_107202498,A,2026-08-12 20:04:58.263232
295,LookupData_295_1929958662,A,2026-08-12 20:04:58.263232
296,LookupData_296_2078643999,E,2026-08-12 20:04:58.267315
297,LookupData_297_899367226,D,2026-08-12 20:04:58.267315
298,LookupData_298_761201981,A,2026-08-12 20:04:58.267315
299,LookupData_299_1269216514,B,2026-08-12 20:04:58.271398
300,LookupData_300_205533493,D,2026-08-12 20:04:58.271398
301,LookupData_301_400395415,C,2026-08-12 20:04:58.271398
302,LookupData_302_781857244,D,2026-08-12 20:04:58.275477
303,LookupData_303_1562593362,A,2026-08-12 20:04:58.275477
304,LookupData_304_651850940,E,2026-08-12 20:04:58.275477
305,LookupData_305_1017762837,E,2026-08-12 20:04:58.275477
306,LookupData_306_1422789942,D,2026-08-12 20:04:58.279568
307,LookupData_307_838675890,B,2026-08-12 20:04:58.279568
308,LookupData_308_1133975241,E,2026-08-12 20:04:58.279568
309,LookupData_309_1459158401,A,2026-08-12 20:04:58.283655
310,LookupData_310_1958939303,D,2026-08-12 20:04:58.283655
311,LookupData_311_1256988536,B,2026-08-12 20:04:58.283655
312,LookupData_312_1010691365,E,2026-08-12 20:04:58.287741
313,LookupData_313_1441031803,C,2026-08-12 20:04:58.287741
314,LookupData_314_1891219764,E,2026-08-12 20:04:58.287741
315,LookupData_315_73353750,E,2026-08-12 20:04:58.287741
316,LookupData_316_1029378692,C,2026-08-12 20:04:58.291827
317,LookupData_317_1008730056,B,2026-08-12 20:04:58.291827
318,LookupData_318_2033544834,B,2026-08-12 20:04:58.291827
319,LookupData_319_593693071,A,2026-08-12 20:04:58.295902
320,LookupData_320_1487041289,C,2026-08-12 20:04:58.295902
321,LookupData_321_106887305,B,2026-08-12 20:04:58.295902
322,LookupData_322_642780927,C,2026-08-12 20:04:58.299988
323,LookupData_323_640409048,A,2026-08-12 20:04:58.299988
324,LookupData_324_1029629456,E,2026-08-12 20:04:58.299988
325,LookupData_325_833777292,B,2026-08-12 20:04:58.304066
326,LookupData_326_90409321,E,2026-08-12 20:04:58.304066
327,LookupData_327_777682655,C,2026-08-12 20:04:58.304066
328,LookupData_328_1897702832,B,2026-08-12 20:04:58.308142
329,LookupData_329_1362075092,E,2026-08-12 20:04:58.308142
330,LookupData_330_1424814266,D,2026-08-12 20:04:58.308142
331,LookupData_331_636420489,D,2026-08-12 20:04:58.312219
332,LookupData_332_1271225408,E,2026-08-12 20:04:58.312219
333,LookupData_333_1117803097,E,2026-08-12 20:04:58.312219
334,LookupData_334_1701898249,E,2026-08-12 20:04:58.316292
335,LookupData_335_1999250867,D,2026-08-12 20:04:58.316292
336,LookupData_336_1920615926,C,2026-08-12 20:04:58.316292
337,LookupData_337_291526932,C,2026-08-12 20:04:58.320375
338,LookupData_338_1221514758,D,2026-08-12 20:04:58.320375
339,LookupData_339_562098854,D,2026-08-12 20:04:58.320375
340,LookupData_340_295479951,C,2026-08-12 20:04:58.324448
341,LookupData_341_1844373424,C,2026-08-12 20:04:58.324448
342,LookupData_342_930007798,B,2026-08-12 20:04:58.324448
343,LookupData_343_62478776,B,2026-08-12 20:04:58.324448
344,LookupData_344_1064895549,E,2026-08-12 20:04:58.328522
345,LookupData_345_86044483,D,2026-08-12 20:04:58.328522
346,LookupData_346_661300431,C,2026-08-12 20:04:58.328522
347,LookupData_347_1948314229,A,2026-08-12 20:04:58.332605
348,LookupData_348_1287417897,A,2026-08-12 20:04:58.332605
349,LookupData_349_222218242,D,2026-08-12 20:04:58.332605
350,LookupData_350_1268895848,A,2026-08-12 20:04:58.336682
351,LookupData_351_1149680853,C,2026-08-12 20:04:58.336682
352,LookupData_352_1678635121,A,2026-08-12 20:04:58.336682
353,LookupData_353_2052718313,E,2026-08-12 20:04:58.340824
354,LookupData_354_1990685330,A,2026-08-12 20:04:58.340824
355,LookupData_355_1497478409,D,2026-08-12 20:04:58.340824
356,LookupData_356_293284743,A,2026-08-12 20:04:58.344903
357,LookupData_357_190630661,C,2026-08-12 20:04:58.344903
358,LookupData_358_1794385559,C,2026-08-12 20:04:58.344903
359,LookupData_359_413639246,C,2026-08-12 20:04:58.348977
360,LookupData_360_1754346836,C,2026-08-12 20:04:58.348977
361,LookupData_361_1176749676,E,2026-08-12 20:04:58.348977
362,LookupData_362_818008998,C,2026-08-12 20:04:58.353061
363,LookupData_363_1670738322,E,2026-08-12 20:04:58.353061
364,LookupData_364_1984982577,E,2026-08-12 20:04:58.353061
365,LookupData_365_811928609,A,2026-08-12 20:04:58.357134
366,LookupData_366_1648241345,E,2026-08-12 20:04:58.357134
367,LookupData_367_335146308,C,2026-08-12 20:04:58.357134
368,LookupData_368_466140594,B,2026-08-12 20:04:58.361215
369,LookupData_369_1342685150,E,2026-08-12 20:04:58.361215
370,LookupData_370_1800145140,D,2026-08-12 20:04:58.361215
371,LookupData_371_1228643938,A,2026-08-12 20:04:58.361215
372,LookupData_372_257588960,E,2026-08-12 20:04:58.365287
373,LookupData_373_1342762448,D,2026-08-12 20:04:58.365287
374,LookupData_374_647881276,A,2026-08-12 20:04:58.365287
375,LookupData_375_1784980091,C,2026-08-12 20:04:58.369366
376,LookupData_376_161550258,A,2026-08-12 20:04:58.369366
377,LookupData_377_749870304,E,2026-08-12 20:04:58.369366
378,LookupData_378_532325004,D,2026-08-12 20:04:58.373441
379,LookupData_379_1972528104,B,2026-08-12 20:04:58.373441
380,LookupData_380_365322018,C,2026-08-12 20:04:58.373441
381,LookupData_381_2025116029,C,2026-08-12 20:04:58.377515
382,LookupData_382_728377680,E,2026-08-12 20:04:58.377515
383,LookupData_383_1037852180,C,2026-08-12 20:04:58.377515
384,LookupData_384_2006425201,C,2026-08-12 20:04:58.381587
385,LookupData_385_584539348,A,2026-08-12 20:04:58.381587
386,LookupData_386_593629405,D,2026-08-12 20:04:58.381587
387,LookupData_387_772023583,C,2026-08-12 20:04:58.381587
388,LookupData_388_961989069,A,2026-08-12 20:04:58.385671
389,LookupData_389_40726022,B,2026-08-12 20:04:58.385671
390,LookupData_390_1213334091,E,2026-08-12 20:04:58.385671
391,LookupData_391_1344238198,C,2026-08-12 20:04:58.389855
392,LookupData_392_1203542697,E,2026-08-12 20:04:58.389855
393,LookupData_393_1862392669,A,2026-08-12 20:04:58.389855
394,LookupData_394_2055126784,D,2026-08-12 20:04:58.389855
395,LookupData_395_1296832883,B,2026-08-12 20:04:58.393936
396,LookupData_396_1167783528,C,2026-08-12 20:04:58.393936
397,LookupData_397_1548917095,B,2026-08-12 20:04:58.393936
398,LookupData_398_646284057,C,2026-08-12 20:04:58.398011
399,LookupData_399_1996349572,A,2026-08-12 20:04:58.398011
400,LookupData_400_1205734846,A,2026-08-12 20:04:58.398011
401,LookupData_401_1763726046,B,2026-08-12 20:04:58.402089
402,LookupData_402_2030099458,E,2026-08-12 20:04:58.402089
403,LookupData_403_1272622463,D,2026-08-12 20:04:58.402089
404,LookupData_404_1923089646,C,2026-08-12 20:04:58.406182
405,LookupData_405_809382515,B,2026-08-12 20:04:58.406182
406,LookupData_406_1977773188,A,2026-08-12 20:04:58.406182
407,LookupData_407_1467216199,A,2026-08-12 20:04:58.410269
408,LookupData_408_172279474,D,2026-08-12 20:04:58.410269
409,LookupData_409_908085205,C,2026-08-12 20:04:58.410269
410,LookupData_410_1647501533,A,2026-08-12 20:04:58.414352
411,LookupData_411_2131917804,C,2026-08-12 20:04:58.414352
412,LookupData_412_75890992,A,2026-08-12 20:04:58.414352
413,LookupData_413_385650966,B,2026-08-12 20:04:58.418428
414,LookupData_414_172100216,A,2026-08-12 20:04:58.418428
415,LookupData_415_303318225,E,2026-08-12 20:04:58.418428
416,LookupData_416_2122747156,E,2026-08-12 20:04:58.422504
417,LookupData_417_1210713209,A,2026-08-12 20:04:58.422504
418,LookupData_418_763717856,C,2026-08-12 20:04:58.422504
419,LookupData_419_819454743,B,2026-08-12 20:04:58.426580
420,LookupData_420_756284268,B,2026-08-12 20:04:58.426580
421,LookupData_421_2007040206,D,2026-08-12 20:04:58.426580
422,LookupData_422_281465087,D,2026-08-12 20:04:58.430661
423,LookupData_423_432948739,D,2026-08-12 20:04:58.430661
424,LookupData_424_1291046372,A,2026-08-12 20:04:58.430661
425,LookupData_425_342416702,B,2026-08-12 20:04:58.430661
426,LookupData_426_1075175249,D,2026-08-12 20:04:58.434736
427,LookupData_427_572427789,E,2026-08-12 20:04:58.434736
428,LookupData_428_1965747194,E,2026-08-12 20:04:58.434736
429,LookupData_429_1506846032,D,2026-08-12 20:04:58.438821
430,LookupData_430_1142184006,E,2026-08-12 20:04:58.438821
431,LookupData_431_1338849619,E,2026-08-12 20:04:58.438821
432,LookupData_432_276278204,B,2026-08-12 20:04:58.442902
433,LookupData_433_1119263610,E,2026-08-12 20:04:58.442902
434,LookupData_434_349808178,A,2026-08-12 20:04:58.442902
435,LookupData_435_917109122,A,2026-08-12 20:04:58.446981
436,LookupData_436_1206580636,B,2026-08-12 20:04:58.446981
437,LookupData_437_859234028,C,2026-08-12 20:04:58.446981
438,LookupData_438_657547203,E,2026-08-12 20:04:58.451060
439,LookupData_439_1865533393,B,2026-08-12 20:04:58.451060
440,LookupData_440_1203642679,C,2026-08-12 20:04:58.451060
441,LookupData_441_725597655,A,2026-08-12 20:04:58.455138
442,LookupData_442_2056750158,A,2026-08-12 20:04:58.455138
443,LookupData_443_2041080303,D,2026-08-12 20:04:58.455138
444,LookupData_444_924928428,C,2026-08-12 20:04:58.455138
445,LookupData_445_1738963018,E,2026-08-12 20:04:58.459216
446,LookupData_446_2139031062,C,2026-08-12 20:04:58.459216
447,LookupData_447_1276435383,E,2026-08-12 20:04:58.459216
448,LookupData_448_1286217525,E,2026-08-12 20:04:58.463298
449,LookupData_449_624620566,C,2026-08-12 20:04:58.463298
450,LookupData_450_395064577,D,2026-08-12 20:04:58.463298
451,LookupData_451_1458056487,D,2026-08-12 20:04:58.467384
452,LookupData_452_1746504102,C,2026-08-12 20:04:58.467384
453,LookupData_453_1285425325,D,2026-08-12 20:04:58.467384
454,LookupData_454_836817349,E,2026-08-12 20:04:58.471468
455,LookupData_455_843758678,D,2026-08-12 20:04:58.471468
456,LookupData_456_1232927821,B,2026-08-12 20:04:58.471468
457,LookupData_457_366513797,C,2026-08-12 20:04:58.475542
458,LookupData_458_1676202925,E,2026-08-12 20:04:58.475542
459,LookupData_459_1485989258,C,2026-08-12 20:04:58.475542
460,LookupData_460_1921566557,E,2026-08-12 20:04:58.479645
461,LookupData_461_174305603,B,2026-08-12 20:04:58.479645
462,LookupData_462_30839242,A,2026-08-12 20:04:58.479645
463,LookupData_463_303072377,D,2026-08-12 20:04:58.479645
464,LookupData_464_629297398,B,2026-08-12 20:04:58.483747
465,LookupData_465_2505736,C,2026-08-12 20:04:58.483747
466,LookupData_466_491492212,D,2026-08-12 20:04:58.483747
467,LookupData_467_1194047500,B,2026-08-12 20:04:58.487844
468,LookupData_468_816658324,E,2026-08-12 20:04:58.487844
469,LookupData_469_1329968299,C,2026-08-12 20:04:58.487844
470,LookupData_470_368865020,B,2026-08-12 20:04:58.491921
471,LookupData_471_1610458055,C,2026-08-12 20:04:58.491921
472,LookupData_472_290435786,B,2026-08-12 20:04:58.491921
473,LookupData_473_1484226039,D,2026-08-12 20:04:58.491921
474,LookupData_474_246910918,B,2026-08-12 20:04:58.495996
475,LookupData_475_1543783484,B,2026-08-12 20:04:58.495996
476,LookupData_476_773758414,B,2026-08-12 20:04:58.495996
477,LookupData_477_2049530276,A,2026-08-12 20:04:58.500070
478,LookupData_478_227589705,A,2026-08-12 20:04:58.500070
479,LookupData_479_1864548293,D,2026-08-12 20:04:58.500070
480,LookupData_480_1491418578,A,2026-08-12 20:04:58.504154
481,LookupData_481_2049178239,E,2026-08-12 20:04:58.504154
482,LookupData_482_1329352806,A,2026-08-12 20:04:58.504154
483,LookupData_483_1408147691,C,2026-08-12 20:04:58.508230
484,LookupData_484_1137638084,E,2026-08-12 20:04:58.508230
485,LookupData_485_868192495,B,2026-08-12 20:04:58.508230
486,LookupData_486_1828202220,E,2026-08-12 20:04:58.508230
487,LookupData_487_1998261488,D,2026-08-12 20:04:58.512316
488,LookupData_488_1596220003,E,2026-08-12 20:04:58.512316
489,LookupData_489_416617458,C,2026-08-12 20:04:58.512316
490,LookupData_490_220075357,E,2026-08-12 20:04:58.516390
491,LookupData_491_1829051929,A,2026-08-12 20:04:58.516390
492,LookupData_492_1101053984,E,2026-08-12 20:04:58.516390
493,LookupData_493_869375896,B,2026-08-12 20:04:58.520471
494,LookupData_494_35529147,C,2026-08-12 20:04:58.520471
495,LookupData_495_930703846,C,2026-08-12 20:04:58.520471
496,LookupData_496_1821534424,B,2026-08-12 20:04:58.524554
497,LookupData_497_85528107,A,2026-08-12 20:04:58.524554
498,LookupData_498_989856800,E,2026-08-12 20:04:58.524554
499,LookupData_499_2106850500,D,2026-08-12 20:04:58.528624
500,LookupData_500_1778341718,A,2026-08-12 20:04:58.528624
501,LookupData_501_483772866,D,2026-08-12 20:04:58.528624
502,LookupData_502_1974026970,C,2026-08-12 20:04:58.528624
503,LookupData_503_308443732,A,2026-08-12 20:04:58.532702
504,LookupData_504_2012842210,A,2026-08-12 20:04:58.532702
505,LookupData_505_286691205,E,2026-08-12 20:04:58.532702
506,LookupData_506_1422376852,B,2026-08-12 20:04:58.536875
507,LookupData_507_2089554093,B,2026-08-12 20:04:58.536875
508,LookupData_508_1702430297,D,2026-08-12 20:04:58.536875
509,LookupData_509_1211499260,A,2026-08-12 20:04:58.540959
510,LookupData_510_1750735983,B,2026-08-12 20:04:58.540959
511,LookupData_511_1463320278,B,2026-08-12 20:04:58.545050
512,LookupData_512_766587708,C,2026-08-12 20:04:58.545050
513,LookupData_513_839587018,E,2026-08-12 20:04:58.545050
514,LookupData_514_2144279252,B,2026-08-12 20:04:58.549145
515,LookupData_515_23996099,E,2026-08-12 20:04:58.549145
516,LookupData_516_1726418609,D,2026-08-12 20:04:58.553247
517,LookupData_517_758235119,E,2026-08-12 20:04:58.553247
518,LookupData_518_422227648,C,2026-08-12 20:04:58.553247
519,LookupData_519_1473655572,D,2026-08-12 20:04:58.557316
520,LookupData_520_1144868082,E,2026-08-12 20:04:58.557316
521,LookupData_521_344493409,C,2026-08-12 20:04:58.557316
522,LookupData_522_961387540,B,2026-08-12 20:04:58.561385
523,LookupData_523_735038331,E,2026-08-12 20:04:58.561385
524,LookupData_524_285916347,C,2026-08-12 20:04:58.561385
525,LookupData_525_353064327,D,2026-08-12 20:04:58.561385
526,LookupData_526_1912576864,D,2026-08-12 20:04:58.565460
527,LookupData_527_1424195551,A,2026-08-12 20:04:58.565460
528,LookupData_528_2102650605,E,2026-08-12 20:04:58.565460
529,LookupData_529_311625087,C,2026-08-12 20:04:58.569536
530,LookupData_530_558968840,E,2026-08-12 20:04:58.569536
531,LookupData_531_1098947569,E,2026-08-12 20:04:58.569536
532,LookupData_532_662332491,E,2026-08-12 20:04:58.569536
533,LookupData_533_1177798757,A,2026-08-12 20:04:58.573612
534,LookupData_534_688670389,D,2026-08-12 20:04:58.573612
535,LookupData_535_285520874,E,2026-08-12 20:04:58.573612
536,LookupData_536_186674727,B,2026-08-12 20:04:58.577686
537,LookupData_537_786952638,B,2026-08-12 20:04:58.577686
538,LookupData_538_1712088764,A,2026-08-12 20:04:58.577686
539,LookupData_539_1186898921,D,2026-08-12 20:04:58.581762
540,LookupData_540_424668185,D,2026-08-12 20:04:58.581762
541,LookupData_541_290838829,C,2026-08-12 20:04:58.581762
542,LookupData_542_553792867,D,2026-08-12 20:04:58.581762
543,LookupData_543_548571779,E,2026-08-12 20:04:58.585837
