5,2021,2,1629,561,39807.00,97
7,2021,4,6236,222,38717.00,12
12,2021,3,1533,886,31155.00,75
24,2021,12,1938,228,8997.00,44
27,2021,9,6059,487,45614.00,16
30,2021,2,3262,727,12122.00,84
35,2021,10,6831,48,18330.00,89
44,2021,2,3251,940,23166.00,46
45,2021,6,6268,386,26706.00,67
48,2021,8,5095,89,43208.00,46
58,2021,2,1558,546,21847.00,37
60,2021,7,5813,596,23047.00,97
65,2021,5,5261,701,23379.00,2
69,2021,3,5011,254,29346.00,64
74,2021,1,4774,366,25946.00,98
75,2021,2,1374,337,1128.00,85
86,2021,6,6835,336,46804.00,62
88,2021,12,7092,997,43457.00,93
103,2021,9,3879,235,30048.00,32
106,2021,9,5985,759,20251.00,11
110,2021,6,1377,262,28162.00,69
111,2021,8,6358,463,2890.00,62
112,2021,11,3027,682,21893.00,81
114,2021,1,6157,244,27625.00,40
118,2021,4,4657,368,27112.00,87
120,2021,12,1629,783,46734.00,27
121,2021,10,1737,666,26357.00,58
127,2021,5,2234,639,14399.00,57
128,2021,8,6002,921,14460.00,73
131,2021,3,2452,130,5501.00,35
144,2021,9,2387,153,15306.00,39
145,2021,9,3458,10,26915.00,24
146,2021,6,7297,544,42327.00,32
154,2021,3,3716,591,44633.00,96
163,2021,8,3356,409,28963.00,35
164,2021,10,7464,897,44914.00,82
170,2021,6,7568,133,14193.00,92
190,2021,4,9062,752,3745.00,59
191,2021,7,1669,996,47717.00,77
201,2021,12,3380,553,18809.00,71
202,2021,11,3901,209,36499.00,17
205,2021,10,5180,648,31266.00,6
207,2021,5,7466,554,1431.00,44
215,2021,7,3428,678,18928.00,16
220,2021,9,6732,710,33003.00,62
224,2021,4,2970,325,11073.00,32
228,2021,7,4262,821,33917.00,78
240,2021,2,3203,769,47498.00,46
244,2021,3,1585,718,11290.00,61
256,2021,9,7543,830,49806.00,46
261,2021,11,3651,719,42708.00,28
263,2021,4,5757,507,22668.00,19
264,2021,7,6096,915,15227.00,58
274,2021,7,9036,700,47754.00,45
275,2021,9,7012,311,1473.00,44
291,2021,12,4338,855,21853.00,33
302,2021,12,2068,828,40543.00,66
308,2021,12,8867,901,18176.00,55
312,2021,9,2542,299,44157.00,5
313,2021,10,5625,954,18078.00,8
323,2021,7,1174,457,5038.00,88
326,2021,7,3822,186,9469.00,68
337,2021,7,8721,788,48035.00,56
339,2021,5,8050,314,41238.00,31
345,2021,10,6069,65,17165.00,92
349,2021,3,5116,242,21967.00,47
361,2021,1,9305,413,5437.00,75
362,2021,8,7385,290,34615.00,13
366,2021,8,3341,594,39402.00,35
367,2021,4,1611,469,26051.00,68
372,2021,3,2130,40,19792.00,28
379,2021,6,5989,47,23984.00,90
389,2021,11,5622,315,16067.00,26
390,2021,2,9874,634,13379.00,30
404,2021,9,3700,525,48633.00,3
416,2021,5,7163,431,3830.00,72
417,2021,10,8067,470,43713.00,19
418,2021,7,1767,551,35290.00,12
428,2021,10,9299,221,5928.00,77
429,2021,12,5029,596,6088.00,46
430,2021,2,3242,44,6057.00,65
437,2021,5,2293,452,42447.00,44
446,2021,12,8171,522,19567.00,33
465,2021,4,6682,120,48498.00,38
468,2021,3,2202,588,33823.00,84
474,2021,12,3086,723,3647.00,32
476,2021,6,8203,199,11564.00,91
480,2021,2,6379,943,15158.00,85
483,2021,1,1460,231,49213.00,53
487,2021,5,2134,616,31976.00,8
504,2021,9,2142,501,11556.00,21
509,2021,5,9849,451,45988.00,39
514,2021,11,6585,935,26214.00,64
527,2021,8,8137,887,37464.00,27
533,2021,2,1909,433,33394.00,73
535,2021,10,8056,969,23237.00,21
537,2021,3,1654,676,42701.00,47
544,2021,12,7952,296,40884.00,97
551,2021,6,1134,282,1298.00,85
568,2021,10,5787,9,3540.00,47
572,2021,5,7545,246,48070.00,24
587,2021,12,2927,717,1952.00,7
592,2021,1,3762,31,12537.00,29
594,2021,4,3973,940,37773.00,44
595,2021,1,9676,439,12119.00,24
599,2021,11,5220,282,40787.00,87
613,2021,6,7612,847,2959.00,19
616,2021,11,4771,261,44779.00,34
623,2021,1,3863,898,38166.00,34
624,2021,2,9541,710,17665.00,82
631,2021,11,7485,582,29177.00,56
634,2021,4,9680,154,48453.00,81
637,2021,3,4675,770,27672.00,64
638,2021,8,8001,510,13433.00,28
641,2021,1,6499,274,297.00,73
642,2021,12,3429,406,16669.00,49
648,2021,1,9157,108,28971.00,18
658,2021,3,3354,459,49763.00,55
659,2021,3,5963,399,38331.00,45
660,2021,10,7471,23,36443.00,10
664,2021,10,8864,608,47462.00,89
665,2021,12,3229,286,4700.00,17
666,2021,11,3539,937,6746.00,8
676,2021,9,1218,91,3351.00,77
683,2021,2,2844,478,13056.00,37
686,2021,5,7990,114,33854.00,64
689,2021,1,8281,894,38816.00,87
692,2021,7,2026,67,23788.00,73
697,2021,12,3082,942,23917.00,4
702,2021,2,9066,78,30554.00,50
711,2021,11,8929,292,48860.00,47
713,2021,10,2079,605,8622.00,63
717,2021,4,6892,953,36509.00,53
718,2021,11,9726,663,46984.00,22
719,2021,7,2019,584,41031.00,18
721,2021,12,5046,487,40877.00,42
736,2021,6,9107,302,36489.00,24
742,2021,4,4290,656,29725.00,40
747,2021,1,7482,116,9790.00,99
752,2021,11,1980,237,19864.00,70
756,2021,9,8410,127,34123.00,66
757,2021,6,4683,659,41702.00,88
766,2021,5,5810,645,39798.00,42
774,2021,10,3188,293,26730.00,55
777,2021,11,6173,126,40665.00,82
793,2021,5,8961,829,18941.00,33
805,2021,12,3097,447,26243.00,27
806,2021,1,1565,551,34692.00,71
808,2021,8,3907,102,30318.00,42
812,2021,2,4704,462,36604.00,85
821,2021,11,5445,901,6469.00,67
823,2021,6,1936,509,3568.00,82
824,2021,11,1171,838,26825.00,56
831,2021,5,4188,496,561.00,66
834,2021,6,1973,754,43281.00,67
841,2021,4,5282,248,20006.00,23
857,2021,6,2287,916,36061.00,65
864,2021,3,4631,906,33205.00,53
869,2021,9,8839,794,41838.00,7
875,2021,8,1767,229,8108.00,20
884,2021,4,3209,979,36035.00,70
899,2021,11,8369,53,25042.00,61
920,2021,3,5718,83,13069.00,26
922,2021,3,2297,791,34819.00,66
925,2021,3,3010,436,154.00,94
929,2021,1,2293,532,26353.00,49
934,2021,4,4951,92,9730.00,70
936,2021,6,3739,728,20743.00,94
946,2021,10,1569,318,12527.00,88
947,2021,2,9875,929,4782.00,98
950,2021,11,2253,227,36547.00,14
961,2021,3,9045,935,42008.00,22
968,2021,1,6389,809,48855.00,17
970,2021,2,9851,308,17011.00,55
976,2021,3,6474,555,29401.00,57
981,2021,3,8768,450,33207.00,1
983,2021,2,9325,89,14298.00,50
994,2021,5,4295,296,43416.00,96
996,2021,1,5326,652,33440.00,13
1003,2021,2,9010,37,3718.00,53
1008,2021,12,2249,496,48269.00,18
1011,2021,1,7105,129,20490.00,51
1014,2021,6,2526,532,389.00,48
1021,2021,4,9402,896,46796.00,63
1027,2021,7,9044,484,6233.00,90
1028,2021,9,4472,20,49294.00,61
1031,2021,7,7193,326,3461.00,20
1032,2021,9,5691,753,33949.00,96
1040,2021,11,4270,915,13868.00,96
1043,2021,1,6956,561,21573.00,39
1048,2021,1,1429,827,37292.00,3
1049,2021,11,9910,126,34459.00,56
1060,2021,9,6953,67,17630.00,46
1069,2021,8,7316,449,27241.00,85
1078,2021,9,7594,318,41965.00,35
1086,2021,8,2127,400,34397.00,69
1089,2021,8,3759,660,2156.00,11
1093,2021,8,9269,653,37269.00,47
1095,2021,11,7076,354,458.00,65
1099,2021,5,3002,478,15641.00,5
1109,2021,12,1587,698,48012.00,15
1115,2021,12,9555,967,39385.00,51
1124,2021,10,1682,714,49535.00,89
1130,2021,8,3856,620,33077.00,81
1144,2021,5,5249,424,28055.00,17
1146,2021,10,5973,63,5720.00,45
1170,2021,7,9979,317,35636.00,84
1176,2021,8,8410,874,27280.00,67
1181,2021,6,7605,409,4552.00,76
1185,2021,7,2360,668,46639.00,33
1187,2021,9,1098,43,23148.00,81
1188,2021,8,9046,835,30969.00,86
1191,2021,1,1899,393,41028.00,48
1210,2021,7,4827,98,31937.00,76
1212,2021,6,5703,946,38480.00,36
1221,2021,6,6164,4,43861.00,19
1223,2021,7,2651,776,17787.00,72
1228,2021,7,2781,149,17151.00,2
1233,2021,5,9781,277,29181.00,54
1244,2021,5,2209,728,44134.00,94
1246,2021,10,3360,596,37173.00,32
1247,2021,4,4230,588,37943.00,33
1248,2021,2,5069,876,1148.00,4
1250,2021,9,9363,294,24198.00,26
1257,2021,3,6100,836,22514.00,93
1259,2021,5,3658,511,31723.00,55
1274,2021,10,5651,598,45778.00,32
1300,2021,6,2150,826,47813.00,49
1319,2021,8,8735,536,4339.00,77
1327,2021,1,1420,785,32706.00,92
1328,2021,11,3078,134,17720.00,83
1329,2021,2,4801,429,35879.00,90
1330,2021,3,6474,693,35562.00,67
1334,2021,8,9077,824,43905.00,67
1337,2021,8,7082,336,19363.00,17
1348,2021,1,2158,900,35171.00,86
1352,2021,8,9691,260,20767.00,72
1359,2021,9,8345,606,45075.00,54
1362,2021,8,9639,290,31596.00,76
1379,2021,9,3077,972,29087.00,54
1381,2021,11,2763,991,5797.00,92
1388,2021,8,9430,36,41264.00,94
1390,2021,5,4467,415,19044.00,58
1394,2021,5,4331,957,48639.00,3
1395,2021,3,3411,877,35030.00,73
1408,2021,8,4793,68,23736.00,67
1414,2021,7,2553,66,44308.00,59
1415,2021,6,4255,746,26787.00,43
1427,2021,12,1953,862,47260.00,56
1429,2021,7,9476,406,7869.00,19
1430,2021,7,4197,193,33667.00,90
1444,2021,1,9343,849,47708.00,6
1450,2021,8,5886,133,37787.00,83
1452,2021,5,1040,34,36863.00,64
1457,2021,7,3862,623,23819.00,44
1481,2021,8,3333,2,8843.00,48
1483,2021,5,3810,815,5260.00,95
1486,2021,10,3636,732,14912.00,32
1490,2021,11,5558,572,1966.00,3
1493,2021,9,9778,531,704.00,5
1496,2021,10,7322,610,7713.00,42
1498,2021,5,6008,259,37152.00,41
1507,2021,4,1716,251,30861.00,35
1513,2021,8,7938,637,6944.00,35
1525,2021,11,6068,642,37584.00,8
1531,2021,1,7216,830,4803.00,61
1533,2021,7,2010,192,7532.00,78
1538,2021,10,4685,125,20190.00,4
1541,2021,1,9986,110,12945.00,46
1542,2021,8,2380,646,29388.00,87
1547,2021,1,6088,656,1863.00,51
1560,2021,2,1329,387,24940.00,22
1579,2021,1,1254,653,25257.00,47
1587,2021,12,4525,120,45003.00,89
1589,2021,5,4796,326,37195.00,28
1597,2021,10,5026,857,6265.00,34
1598,2021,4,2304,550,4453.00,61
1601,2021,8,2061,132,15683.00,23
1634,2021,12,2514,777,41950.00,89
1639,2021,12,9574,888,2949.00,98
1643,2021,10,8209,9,31745.00,96
1644,2021,5,4300,268,35559.00,71
1659,2021,2,9661,384,37750.00,22
1664,2021,7,2244,108,11594.00,92
1667,2021,7,5824,624,11927.00,13
1680,2021,3,3333,209,12704.00,80
1682,2021,11,6098,635,29387.00,85
1697,2021,7,1828,426,10375.00,71
1700,2021,8,2587,893,43537.00,60
1704,2021,6,7648,67,16807.00,75
1707,2021,8,1024,294,2935.00,10
1710,2021,2,6557,312,12480.00,20
1717,2021,8,1873,45,10488.00,49
1720,2021,3,9726,62,42149.00,13
1721,2021,7,4561,399,38257.00,66
1736,2021,10,6582,332,27017.00,87
1740,2021,4,7546,650,38655.00,95
1748,2021,2,2664,215,36897.00,55
1755,2021,5,5449,855,457.00,15
1757,2021,7,9322,36,39570.00,35
1761,2021,11,1192,935,41266.00,9
1762,2021,4,9780,154,16156.00,53
1764,2021,6,1752,32,6201.00,93
1768,2021,8,5543,800,38163.00,74
1772,2021,5,2040,731,30419.00,64
1776,2021,10,9831,828,39023.00,42
1786,2021,3,4365,933,20139.00,96
1790,2021,7,7459,186,17818.00,58
1792,2021,1,8501,981,4025.00,24
1801,2021,6,8054,974,5177.00,19
1802,2021,12,2902,876,30633.00,14
1806,2021,1,7571,976,48359.00,10
1807,2021,11,3797,838,49692.00,55
1812,2021,8,5628,243,7924.00,37
1820,2021,9,5969,91,7703.00,41
1823,2021,1,2270,888,1327.00,27
1838,2021,7,7438,416,12790.00,66
1839,2021,9,3946,559,465.00,38
1840,2021,1,6910,428,35026.00,65
1848,2021,11,5883,459,15775.00,59
1854,2021,12,5435,730,4192.00,90
1863,2021,1,6765,640,46557.00,69
1867,2021,6,1277,180,19732.00,97
1873,2021,4,2885,316,30998.00,67
1886,2021,5,8557,117,30078.00,10
1888,2021,12,9329,722,5145.00,39
1892,2021,2,5859,572,6446.00,81
1895,2021,9,6718,891,18573.00,67
1896,2021,7,1715,711,39118.00,4
1916,2021,1,1314,981,1435.00,100
1918,2021,12,5749,408,20783.00,63
1919,2021,3,2866,198,41922.00,92
1922,2021,5,9061,980,49801.00,11
1928,2021,11,2912,58,18426.00,9
1930,2021,11,7616,474,36767.00,85
1936,2021,12,6187,551,26085.00,77
1942,2021,6,3149,927,43844.00,75
1947,2021,11,4823,659,41231.00,4
1962,2021,7,4874,698,32033.00,43
1973,2021,9,8545,2,3798.00,73
1974,2021,6,5309,474,15561.00,49
1979,2021,5,3906,306,41288.00,57
1984,2021,4,6612,566,41614.00,30
1988,2021,4,4661,638,26227.00,37
1989,2021,4,9875,949,3260.00,50
1990,2021,3,6465,429,31042.00,29
1993,2021,6,3919,378,17584.00,31
2,2022,10,1962,204,30293.00,67
8,2022,11,5457,701,27449.00,69
10,2022,4,3293,364,15798.00,97
18,2022,6,6469,52,22660.00,86
21,2022,8,7417,618,43097.00,9
29,2022,7,2734,568,25042.00,23
56,2022,2,9896,384,47849.00,88
57,2022,10,8442,386,18128.00,68
63,2022,12,1123,933,7663.00,51
70,2022,5,2043,39,47975.00,55
71,2022,11,4262,245,11749.00,72
73,2022,2,3657,424,47875.00,73
80,2022,5,2754,200,9212.00,57
84,2022,9,8197,20,1927.00,2
90,2022,12,6099,649,19694.00,6
96,2022,5,2370,378,35633.00,9
108,2022,5,8118,577,32600.00,100
122,2022,9,8907,463,6340.00,38
130,2022,6,7211,917,22014.00,53
134,2022,5,6295,613,14529.00,41
135,2022,4,5626,136,2115.00,36
142,2022,6,5110,93,11021.00,58
143,2022,2,1253,287,12011.00,100
156,2022,7,4249,616,21140.00,69
159,2022,6,1661,236,25650.00,46
166,2022,3,3270,824,38261.00,36
169,2022,5,2563,300,24369.00,30
173,2022,2,2875,723,3936.00,56
175,2022,6,4018,512,40225.00,22
177,2022,8,9498,891,22820.00,89
180,2022,9,9888,90,18237.00,71
184,2022,1,5265,50,6223.00,95
189,2022,1,8875,353,31036.00,80
206,2022,1,7722,575,44642.00,76
208,2022,7,5095,337,18908.00,89
213,2022,10,9624,942,49572.00,25
216,2022,6,7341,704,12841.00,14
219,2022,1,1373,13,42356.00,15
227,2022,6,7887,816,39078.00,34
229,2022,6,1152,600,17430.00,8
231,2022,11,3411,534,29944.00,59
233,2022,1,7437,811,20588.00,13
242,2022,2,5229,650,3014.00,62
245,2022,5,7282,390,31043.00,1
248,2022,10,6093,864,27400.00,97
257,2022,7,8820,499,17163.00,93
259,2022,12,1049,279,28519.00,15
283,2022,2,7307,82,35681.00,38
284,2022,5,4719,900,46769.00,53
286,2022,1,7540,619,37226.00,4
293,2022,11,6144,770,15889.00,37
296,2022,2,4439,319,46722.00,17
300,2022,4,3236,893,43477.00,47
305,2022,10,5901,979,6404.00,5
316,2022,11,7805,412,42011.00,1
331,2022,4,2222,977,17893.00,86
332,2022,8,4918,124,9156.00,29
334,2022,7,3888,68,10880.00,35
335,2022,6,4335,265,11592.00,2
340,2022,4,7590,240,40952.00,14
341,2022,11,5356,918,24148.00,9
343,2022,12,7458,547,25080.00,16
350,2022,6,4797,78,31320.00,18
352,2022,7,2689,350,41336.00,67
356,2022,9,7721,763,38876.00,76
369,2022,9,2515,175,26754.00,99
376,2022,10,6907,575,48398.00,51
388,2022,4,6576,235,25807.00,63
394,2022,3,4764,252,30990.00,38
408,2022,10,2732,691,11156.00,6
410,2022,11,2385,836,22016.00,41
411,2022,2,1067,355,36773.00,19
412,2022,8,7231,584,45266.00,77
413,2022,2,1879,749,616.00,5
414,2022,1,4608,420,21265.00,32
423,2022,5,5896,886,10590.00,93
439,2022,2,8520,241,35741.00,35
443,2022,6,8630,381,46561.00,72
447,2022,9,1663,337,49903.00,50
454,2022,5,9898,264,603.00,97
455,2022,12,8442,674,33237.00,37
479,2022,12,6453,32,49959.00,67
481,2022,12,3319,169,5541.00,68
482,2022,1,8374,452,38592.00,6
494,2022,5,7145,461,18645.00,68
495,2022,2,4848,177,25452.00,94
503,2022,6,2287,978,28561.00,67
505,2022,4,8634,263,24362.00,23
515,2022,5,9785,23,41538.00,83
516,2022,2,1065,196,27890.00,45
521,2022,6,4678,9,27487.00,61
522,2022,8,7758,432,21584.00,6
523,2022,8,8310,926,11612.00,80
530,2022,8,9495,148,15651.00,83
542,2022,8,4153,163,16086.00,60
543,2022,5,2756,690,14653.00,66
546,2022,1,5063,433,49736.00,23
549,2022,3,4623,842,13807.00,3
550,2022,1,2326,512,32874.00,19
554,2022,7,9334,745,44881.00,48
555,2022,9,5850,309,10025.00,12
559,2022,10,9466,48,15223.00,68
564,2022,4,3006,154,6637.00,81
567,2022,1,3279,846,31580.00,26
575,2022,12,5602,555,43123.00,62
576,2022,3,4851,455,5597.00,40
577,2022,5,2318,753,39565.00,91
578,2022,9,3696,835,2857.00,54
583,2022,11,8889,374,35150.00,69
590,2022,3,8015,561,46973.00,69
598,2022,9,8633,922,30296.00,18
607,2022,10,8554,603,5825.00,89
610,2022,2,5340,488,33779.00,14
615,2022,8,9130,257,6634.00,27
627,2022,4,1399,331,18049.00,93
629,2022,8,7076,901,10653.00,61
630,2022,6,4708,984,47791.00,36
639,2022,2,9588,688,19295.00,75
650,2022,3,9434,127,14722.00,95
655,2022,8,9094,744,15428.00,54
667,2022,8,2786,266,31719.00,73
669,2022,4,1681,637,28473.00,73
670,2022,2,5297,478,38659.00,20
672,2022,6,8935,211,12534.00,2
673,2022,7,8022,560,44996.00,92
677,2022,1,2136,597,33820.00,73
685,2022,10,6885,118,33447.00,36
687,2022,3,1665,9,40001.00,51
690,2022,9,9466,815,22563.00,26
691,2022,7,2008,233,7396.00,40
705,2022,12,6446,492,46309.00,74
707,2022,7,1963,790,35109.00,27
710,2022,10,7592,378,16262.00,41
712,2022,11,2899,169,5813.00,6
714,2022,6,4072,794,530.00,4
715,2022,10,3071,711,16029.00,69
723,2022,5,8281,351,24656.00,77
724,2022,10,9472,595,9759.00,86
725,2022,1,8253,710,5979.00,41
727,2022,6,1864,695,30858.00,92
730,2022,2,2909,640,8114.00,29
733,2022,6,3813,1000,39707.00,45
744,2022,2,1763,568,42629.00,63
745,2022,7,5107,514,37998.00,44
746,2022,10,1645,632,17748.00,3
748,2022,7,1496,695,45057.00,6
764,2022,5,6249,199,44926.00,15
768,2022,4,5448,490,21415.00,36
773,2022,9,4507,988,13161.00,90
776,2022,6,2123,238,21223.00,46
790,2022,2,1288,453,43566.00,76
800,2022,9,1979,142,47229.00,81
801,2022,1,2709,562,39530.00,65
804,2022,4,9983,984,48721.00,52
811,2022,5,4592,894,47276.00,14
819,2022,11,5279,658,33270.00,15
820,2022,12,4008,919,34065.00,49
826,2022,2,5494,151,40443.00,12
828,2022,2,7058,291,18653.00,5
833,2022,11,2493,548,2293.00,82
835,2022,2,7606,757,7434.00,62
838,2022,11,3738,486,40311.00,51
839,2022,3,9912,25,39646.00,93
842,2022,4,4412,714,33802.00,89
843,2022,11,5742,917,45007.00,70
858,2022,9,4963,936,35274.00,65
860,2022,11,3734,209,6470.00,76
862,2022,2,4492,684,21947.00,61
867,2022,8,9776,931,34546.00,87
871,2022,8,4074,826,4247.00,56
876,2022,4,6383,182,42790.00,91
879,2022,9,4955,752,37623.00,49
892,2022,5,8588,595,48995.00,100
894,2022,4,8033,461,11761.00,37
903,2022,7,8454,426,19856.00,12
924,2022,10,8896,968,39290.00,70
938,2022,6,7481,767,49378.00,31
940,2022,11,1958,73,24183.00,52
952,2022,12,5893,235,48462.00,19
953,2022,9,5132,623,30736.00,45
967,2022,5,1548,155,1758.00,29
972,2022,1,4406,643,8593.00,46
978,2022,2,7920,741,32454.00,62
987,2022,8,7649,495,16451.00,16
995,2022,4,5666,363,28346.00,86
999,2022,11,6411,242,20096.00,89
1002,2022,5,5841,462,6082.00,68
1006,2022,5,6687,288,34255.00,12
1012,2022,9,7853,872,46099.00,43
1015,2022,3,6480,659,39494.00,57
1017,2022,12,9966,281,7625.00,60
1018,2022,12,2497,817,48758.00,38
1029,2022,9,7102,213,23957.00,93
1033,2022,5,5815,108,30067.00,7
1038,2022,7,2764,190,29758.00,38
1041,2022,6,9608,619,31971.00,98
1050,2022,3,4663,446,11544.00,28
1057,2022,4,3802,58,454.00,98
1059,2022,12,2829,145,7999.00,56
1061,2022,1,6106,608,21272.00,42
1070,2022,8,7447,430,37413.00,44
1074,2022,12,4600,397,32845.00,98
1082,2022,3,1727,185,34210.00,100
1084,2022,3,9932,626,29916.00,83
1098,2022,8,7638,465,27000.00,24
1101,2022,4,4029,106,4967.00,63
1108,2022,8,7162,871,34749.00,17
1125,2022,8,4858,168,45665.00,2
1126,2022,10,1196,971,23925.00,51
1128,2022,3,4557,421,861.00,77
1133,2022,1,4223,256,41044.00,89
1140,2022,2,3552,911,8100.00,14
1141,2022,3,3759,344,13072.00,49
1152,2022,7,5290,899,44090.00,44
1154,2022,1,3736,412,31084.00,11
1159,2022,1,7833,936,3531.00,34
1171,2022,10,5126,333,20313.00,52
1177,2022,8,1506,142,12409.00,100
1180,2022,7,4999,817,20707.00,84
1192,2022,12,9566,351,42018.00,91
1193,2022,12,4108,267,28461.00,17
1195,2022,8,1870,883,30349.00,4
1199,2022,3,7790,778,46236.00,94
1200,2022,3,4864,778,28372.00,72
1205,2022,1,7965,361,9732.00,75
1209,2022,5,5974,927,38397.00,60
1219,2022,11,1874,626,19389.00,36
1220,2022,6,2025,754,37016.00,4
1226,2022,4,9725,568,17717.00,32
1227,2022,8,2378,1,6104.00,55
1229,2022,10,9141,124,16680.00,25
1240,2022,3,9110,844,35649.00,18
1243,2022,7,1455,316,21922.00,39
1249,2022,9,4904,274,2868.00,11
1253,2022,6,9451,129,47947.00,15
1266,2022,11,8202,862,23745.00,2
1272,2022,12,3585,304,18722.00,79
1275,2022,1,6250,573,36010.00,97
1277,2022,5,5681,979,30115.00,15
1280,2022,10,7235,900,36452.00,51
1284,2022,6,9396,719,46547.00,56
1285,2022,3,7935,640,39380.00,4
1291,2022,8,7828,938,4886.00,97
1293,2022,12,5739,593,29239.00,13
1295,2022,6,5144,312,35486.00,65
1299,2022,3,8065,155,21369.00,71
1307,2022,11,7391,662,9494.00,29
1311,2022,3,5431,379,30562.00,84
1323,2022,10,5045,913,6729.00,87
1332,2022,10,9097,293,1241.00,15
1343,2022,2,2949,285,16022.00,64
1344,2022,6,7583,212,29828.00,76
1355,2022,10,7603,775,22215.00,2
1358,2022,6,6417,185,5637.00,64
1360,2022,7,9942,433,36105.00,9
1363,2022,7,6595,574,42873.00,29
1366,2022,3,7990,693,36708.00,72
1372,2022,3,9079,605,5982.00,76
1375,2022,3,7027,100,17844.00,21
1386,2022,8,3861,314,47417.00,1
1400,2022,6,5790,905,11235.00,29
1402,2022,7,9720,119,35342.00,67
1404,2022,3,9243,421,18078.00,86
1412,2022,11,7132,106,48506.00,73
1416,2022,3,4521,937,3759.00,42
1422,2022,1,4970,865,44210.00,54
1435,2022,11,7627,165,9454.00,86
1443,2022,8,7333,121,23437.00,54
1445,2022,4,2355,724,16058.00,93
1456,2022,4,1557,188,10260.00,14
1460,2022,2,5756,4,34088.00,75
1461,2022,12,4571,939,7051.00,85
1487,2022,4,8299,392,9196.00,73
1494,2022,6,2957,619,25053.00,70
1500,2022,10,4302,826,21373.00,62
1502,2022,9,2170,926,35155.00,53
1504,2022,12,3680,351,25772.00,72
1508,2022,7,8981,700,36714.00,79
1518,2022,4,8678,618,32787.00,8
1519,2022,4,4538,291,8841.00,78
1521,2022,7,9865,369,5263.00,98
1523,2022,11,1173,977,28265.00,96
1527,2022,10,4473,315,8324.00,38
1550,2022,3,5997,120,15509.00,71
1552,2022,3,6490,735,20123.00,79
1557,2022,4,7565,1000,6065.00,44
1565,2022,4,7121,322,31092.00,78
1568,2022,1,6788,377,32662.00,29
1580,2022,6,4971,724,34941.00,74
1585,2022,2,4045,802,16489.00,79
1586,2022,7,6041,521,33984.00,75
1602,2022,11,4888,283,24463.00,17
1619,2022,1,1244,329,7729.00,93
1625,2022,4,3264,778,14094.00,99
1627,2022,4,9586,488,23176.00,95
1628,2022,1,2977,842,866.00,37
1636,2022,6,1027,360,14262.00,30
1646,2022,7,3893,249,42488.00,89
1649,2022,8,9496,122,13856.00,53
1654,2022,11,1045,224,46746.00,18
1656,2022,12,4471,923,17831.00,39
1658,2022,6,2257,677,4988.00,72
1663,2022,3,3156,220,15804.00,47
1668,2022,12,7189,297,26717.00,13
1676,2022,7,4886,836,36000.00,15
1683,2022,10,6445,556,37708.00,8
1685,2022,5,7462,575,12964.00,83
1690,2022,2,5756,378,44908.00,65
1692,2022,9,5205,314,40267.00,60
1696,2022,1,1558,440,34546.00,12
1701,2022,3,4379,28,17782.00,28
1708,2022,10,3585,627,44596.00,8
1709,2022,5,3466,449,37805.00,2
1711,2022,11,3345,505,30229.00,14
1713,2022,7,9693,344,19136.00,36
1730,2022,10,9090,45,11096.00,13
1746,2022,10,5749,683,30885.00,89
1747,2022,7,2414,548,22466.00,65
1749,2022,4,3891,468,24412.00,61
1754,2022,3,5695,117,28804.00,79
1756,2022,6,1085,770,28823.00,72
1780,2022,3,6945,749,26475.00,37
1783,2022,5,4304,699,1017.00,43
1787,2022,8,7098,209,28354.00,35
1791,2022,7,3426,353,25504.00,47
1794,2022,1,2891,711,22170.00,41
1810,2022,4,3826,839,47689.00,72
1811,2022,2,2767,744,19000.00,97
1813,2022,11,6198,891,17203.00,33
1814,2022,7,7095,229,6236.00,32
1825,2022,3,7302,182,35035.00,47
1830,2022,6,9300,32,23474.00,82
1833,2022,9,4709,284,33983.00,63
1843,2022,6,3113,141,34221.00,72
1850,2022,3,8732,130,33760.00,71
1876,2022,3,7988,201,9503.00,74
1883,2022,7,5691,34,31575.00,96
1893,2022,12,6749,119,12826.00,89
1898,2022,4,2781,217,8330.00,40
1901,2022,11,2586,387,18846.00,56
1904,2022,6,6858,909,31931.00,2
1905,2022,7,5362,761,45606.00,77
1906,2022,5,6149,991,9676.00,15
1910,2022,5,5992,669,15890.00,46
1913,2022,7,3532,310,24136.00,14
1920,2022,8,3581,870,37165.00,50
1921,2022,7,1095,736,14409.00,40
1948,2022,11,7366,170,39849.00,26
1949,2022,5,7948,752,32870.00,17
1950,2022,4,2365,969,17208.00,89
1957,2022,4,2612,157,15115.00,47
1959,2022,7,1137,818,22774.00,67
1960,2022,9,9363,206,43914.00,63
1969,2022,12,5606,313,7039.00,3
1972,2022,4,3044,192,8575.00,7
1987,2022,12,5699,361,2893.00,52
4,2023,12,9746,701,41316.00,78
6,2023,9,6078,402,32075.00,4
13,2023,4,6013,931,39150.00,92
16,2023,9,7860,505,34927.00,43
20,2023,10,4347,473,9485.00,91
25,2023,1,5437,24,36992.00,24
28,2023,3,1174,120,42807.00,95
31,2023,6,3749,955,19913.00,31
39,2023,9,3311,269,41532.00,65
46,2023,3,6543,160,17444.00,36
49,2023,1,9332,625,14185.00,75
51,2023,9,1096,109,11336.00,85
55,2023,8,4381,245,16328.00,19
72,2023,5,4075,641,42784.00,90
82,2023,12,1321,339,26248.00,45
83,2023,3,8622,129,23859.00,69
101,2023,8,9025,163,8904.00,19
105,2023,8,1276,495,2216.00,76
113,2023,10,9751,524,28705.00,61
117,2023,11,9579,356,28342.00,26
123,2023,8,8801,619,28934.00,9
124,2023,10,1129,26,12732.00,52
141,2023,1,2700,885,22515.00,68
148,2023,7,4323,417,47187.00,11
150,2023,2,2650,566,28851.00,30
152,2023,10,3144,24,4764.00,9
158,2023,11,4176,281,22394.00,77
167,2023,12,5935,483,5430.00,6
168,2023,10,3518,249,23241.00,74
174,2023,3,4092,957,23144.00,43
181,2023,1,9665,88,4357.00,30
183,2023,6,7583,322,34489.00,58
187,2023,9,7937,721,13885.00,49
192,2023,7,1061,723,26119.00,13
193,2023,8,3994,728,19290.00,21
209,2023,12,6822,948,4418.00,57
221,2023,1,9494,534,12274.00,100
222,2023,3,5318,484,3879.00,55
226,2023,2,9316,739,40628.00,77
239,2023,5,9398,308,9864.00,22
252,2023,6,4381,864,32285.00,68
255,2023,9,6745,150,39102.00,3
258,2023,3,4978,290,45495.00,6
271,2023,9,8242,873,33648.00,60
278,2023,7,4336,637,46020.00,42
280,2023,7,6859,600,16797.00,71
281,2023,4,8156,132,6993.00,1
285,2023,3,2755,642,34219.00,19
292,2023,12,6409,162,14903.00,2
295,2023,2,9286,202,27638.00,1
298,2023,6,4720,156,3320.00,31
301,2023,10,1563,847,24893.00,98
303,2023,11,6503,967,25966.00,83
306,2023,7,1334,641,18823.00,92
309,2023,1,2694,747,19492.00,87
311,2023,9,2280,571,18904.00,76
317,2023,10,8245,613,41960.00,77
330,2023,4,5961,377,30368.00,79
344,2023,6,4527,554,44851.00,52
346,2023,7,4418,756,20353.00,54
348,2023,9,1440,84,19602.00,99
353,2023,5,5622,992,13148.00,69
354,2023,9,9223,898,7501.00,34
364,2023,3,6234,761,25484.00,3
368,2023,6,1521,204,39792.00,81
371,2023,6,6918,366,33048.00,57
382,2023,1,5496,317,1265.00,6
384,2023,6,9236,117,30889.00,55
385,2023,1,7330,715,34158.00,51
396,2023,8,1425,860,26254.00,65
397,2023,8,7191,842,12027.00,89
400,2023,9,7540,685,31315.00,35
401,2023,7,8451,903,42706.00,12
409,2023,9,2007,254,10771.00,39
415,2023,9,9281,652,9357.00,42
421,2023,2,8763,888,34971.00,38
434,2023,12,4715,738,40096.00,44
435,2023,11,8558,48,33171.00,17
436,2023,4,8173,74,37883.00,75
441,2023,12,6968,788,21193.00,95
456,2023,12,3835,609,43205.00,74
458,2023,12,8002,766,37893.00,41
464,2023,11,4588,505,36285.00,58
477,2023,6,4301,298,13473.00,74
486,2023,8,2836,305,27561.00,93
497,2023,4,5129,479,42106.00,92
501,2023,9,2305,9,26862.00,95
506,2023,9,1628,691,20823.00,92
507,2023,12,6413,46,28504.00,9
508,2023,1,3768,868,17601.00,74
512,2023,7,6944,412,31643.00,21
517,2023,5,9183,481,28722.00,96
519,2023,2,8881,244,36438.00,48
520,2023,7,1873,394,18336.00,4
529,2023,1,3261,506,41862.00,25
531,2023,2,2067,426,23541.00,89
534,2023,10,4699,477,25215.00,7
548,2023,11,2903,736,15823.00,21
552,2023,1,3215,904,46726.00,43
553,2023,9,7261,102,9503.00,14
556,2023,9,5842,827,18640.00,85
565,2023,2,9747,793,4973.00,30
573,2023,5,9067,280,46812.00,4
574,2023,2,6709,985,22069.00,1
579,2023,6,1776,843,26415.00,55
580,2023,4,2292,242,40111.00,6
584,2023,12,1198,628,43939.00,5
591,2023,4,4515,800,26327.00,89
611,2023,7,3470,64,1846.00,92
614,2023,10,3405,893,44178.00,91
617,2023,3,6759,889,6835.00,100
619,2023,6,3585,84,2254.00,11
620,2023,5,2624,927,45681.00,70
633,2023,6,4870,628,36977.00,76
636,2023,8,3199,47,6797.00,95
661,2023,5,3274,692,17232.00,55
663,2023,6,3197,198,26288.00,90
684,2023,2,4248,298,23141.00,70
688,2023,8,1800,60,45991.00,10
696,2023,1,3096,826,4491.00,46
700,2023,5,6244,496,35883.00,45
709,2023,4,4998,516,5743.00,68
728,2023,4,7901,256,13159.00,58
731,2023,2,2638,590,34706.00,59
732,2023,5,8501,518,6019.00,9
738,2023,4,7068,518,29956.00,92
739,2023,8,8818,343,14723.00,37
741,2023,8,7261,437,37137.00,8
743,2023,9,9861,322,40357.00,86
750,2023,11,3136,450,11673.00,64
755,2023,10,4848,730,11944.00,4
759,2023,8,5876,239,24414.00,7
765,2023,3,2158,584,44396.00,16
767,2023,1,8112,44,28573.00,77
778,2023,11,5470,726,1711.00,39
781,2023,11,7497,634,7671.00,69
791,2023,5,8376,141,20259.00,61
792,2023,12,5518,91,28520.00,2
803,2023,11,4982,196,23059.00,17
817,2023,4,6170,213,23281.00,24
827,2023,12,3317,251,30838.00,96
848,2023,7,4890,475,11530.00,42
852,2023,1,1711,825,31637.00,99
854,2023,4,4754,623,41312.00,85
855,2023,1,5391,225,13840.00,54
866,2023,8,1005,790,25641.00,95
874,2023,3,3668,162,29707.00,25
878,2023,11,2499,895,33893.00,62
885,2023,12,8116,870,11389.00,74
887,2023,10,8555,380,34456.00,11
888,2023,10,6113,800,9919.00,92
890,2023,8,5532,706,13865.00,90
895,2023,6,6510,19,41105.00,63
897,2023,3,4689,257,29250.00,83
898,2023,10,9292,536,16700.00,37
900,2023,11,4411,994,12431.00,28
901,2023,7,3164,506,5606.00,86
904,2023,6,6154,334,41732.00,5
905,2023,1,8312,768,7713.00,64
907,2023,12,6077,634,19063.00,16
911,2023,8,5005,797,22105.00,43
916,2023,2,6810,554,8828.00,67
921,2023,6,9971,488,27498.00,68
930,2023,9,9412,859,30286.00,50
932,2023,11,7361,234,28213.00,56
935,2023,6,9273,261,22107.00,71
943,2023,1,8773,303,2532.00,18
948,2023,11,8251,149,2677.00,1
957,2023,8,7372,992,35876.00,71
963,2023,5,1621,705,36181.00,76
973,2023,2,4476,565,34603.00,55
975,2023,11,9978,60,14923.00,58
980,2023,8,9015,475,8034.00,53
989,2023,4,1249,747,28441.00,31
993,2023,7,8518,502,30020.00,86
1001,2023,5,3092,136,14082.00,82
1004,2023,6,8860,934,3839.00,58
1007,2023,11,4521,271,999.00,14
1009,2023,3,6033,685,1680.00,31
1023,2023,3,1148,879,35534.00,11
1034,2023,7,3703,501,12226.00,79
1036,2023,3,8870,623,29933.00,22
1042,2023,4,6908,982,49858.00,79
1051,2023,3,1181,506,35178.00,98
1052,2023,1,7083,116,33380.00,64
1054,2023,11,9515,132,1994.00,30
1072,2023,10,8924,44,2991.00,28
1075,2023,10,9944,961,47052.00,67
1077,2023,3,2345,257,6661.00,35
1080,2023,8,8870,344,381.00,20
1085,2023,4,2504,746,295.00,53
1092,2023,11,5592,395,20798.00,79
1100,2023,8,6104,456,38500.00,84
1103,2023,8,8350,630,45834.00,55
1105,2023,4,5184,94,12948.00,25
1116,2023,6,3543,829,34231.00,57
1120,2023,4,1403,723,45008.00,76
1123,2023,10,8994,245,22063.00,25
1132,2023,9,8307,815,5619.00,62
1142,2023,12,5986,224,19092.00,33
1148,2023,5,5046,459,41612.00,1
1153,2023,11,7926,918,15113.00,60
1160,2023,6,6251,556,15448.00,67
1165,2023,2,5201,739,25660.00,54
1168,2023,10,5219,768,30134.00,6
1174,2023,4,5405,442,44908.00,15
1179,2023,1,6303,769,32634.00,1
1182,2023,5,6432,350,36074.00,56
1183,2023,10,9708,892,16595.00,33
1208,2023,2,7165,501,7487.00,69
1213,2023,4,3486,5,9610.00,90
1217,2023,1,3806,86,8046.00,80
1222,2023,1,1387,326,30360.00,96
1224,2023,3,2422,697,16859.00,42
1231,2023,2,4577,979,45584.00,62
1236,2023,5,7460,33,39595.00,60
1252,2023,9,3169,468,19743.00,84
1255,2023,4,3777,678,29168.00,38
1264,2023,1,8016,910,5728.00,76
1267,2023,8,7829,908,6050.00,20
1279,2023,8,9141,878,8304.00,97
1289,2023,8,4457,372,4122.00,60
1296,2023,10,3545,917,5391.00,5
1304,2023,3,7668,101,8917.00,41
1306,2023,1,5825,806,26059.00,43
1308,2023,9,6733,1000,36719.00,86
1309,2023,5,9619,166,47940.00,25
1315,2023,11,5996,166,15348.00,27
1316,2023,9,3761,403,38564.00,60
1339,2023,11,6961,927,4820.00,32
1340,2023,11,2539,190,972.00,55
1346,2023,9,2826,583,30293.00,3
1349,2023,11,2900,203,26679.00,84
1354,2023,10,1654,637,30871.00,82
1369,2023,12,8908,860,39679.00,4
1371,2023,7,2644,108,2891.00,7
1382,2023,2,8098,481,16918.00,90
1383,2023,3,3256,533,41867.00,5
1385,2023,8,2548,923,36558.00,31
1387,2023,3,4277,398,49471.00,46
1393,2023,6,4754,167,30689.00,32
1399,2023,7,8009,572,21703.00,7
1401,2023,10,4685,831,43656.00,25
1406,2023,7,2970,959,21474.00,84
1411,2023,12,9229,310,28629.00,28
1413,2023,6,5287,631,35350.00,20
1420,2023,12,1619,478,28850.00,88
1432,2023,10,7517,737,19690.00,92
1436,2023,8,3723,258,6860.00,18
1441,2023,5,7651,563,25581.00,30
1448,2023,6,1522,23,6127.00,19
1454,2023,12,3418,866,48803.00,52
1459,2023,11,9553,82,26932.00,90
1464,2023,4,7891,907,1762.00,77
1465,2023,6,2911,646,34786.00,97
1470,2023,7,5327,485,37475.00,74
1471,2023,8,9370,413,14218.00,12
1475,2023,1,5031,837,26247.00,19
1476,2023,7,2139,568,28491.00,92
1485,2023,9,4536,696,408.00,15
1488,2023,10,1095,137,10886.00,14
1492,2023,9,6828,932,1392.00,5
1501,2023,3,4879,426,43029.00,58
1512,2023,10,3207,584,15112.00,29
1514,2023,4,4505,812,37023.00,70
1522,2023,1,8423,252,34315.00,36
1528,2023,11,2993,273,48620.00,79
1532,2023,9,5766,29,25439.00,61
1534,2023,6,6123,529,21875.00,91
1543,2023,7,3810,816,10105.00,37
1545,2023,8,7456,432,7393.00,96
1546,2023,7,3577,761,30189.00,21
1562,2023,9,5827,781,29317.00,92
1564,2023,6,3946,694,44738.00,16
1566,2023,4,6216,506,30214.00,71
1573,2023,2,5743,69,1918.00,4
1575,2023,1,7131,56,18753.00,79
1583,2023,9,8399,242,33605.00,21
1590,2023,7,9583,643,35073.00,47
1600,2023,8,6663,175,3893.00,100
1604,2023,4,8081,556,6319.00,64
1606,2023,7,4680,71,34579.00,37
1607,2023,10,6536,79,26184.00,58
1617,2023,5,1091,956,12744.00,58
1623,2023,8,3619,719,42109.00,58
1626,2023,6,8099,276,29200.00,73
1635,2023,11,4209,134,4553.00,10
1640,2023,2,8946,728,1761.00,59
1648,2023,12,5304,750,7912.00,56
1651,2023,12,7644,56,31336.00,70
1657,2023,11,6234,562,45616.00,86
1661,2023,3,6980,235,43884.00,1
1666,2023,1,8605,821,46619.00,90
1686,2023,5,1085,224,22576.00,98
1689,2023,5,1809,961,28148.00,10
1694,2023,11,4731,415,11217.00,58
1712,2023,10,7784,900,33158.00,44
1719,2023,8,3154,609,39285.00,60
1723,2023,8,1874,238,40442.00,32
1726,2023,11,7154,718,20498.00,65
1732,2023,8,3727,933,44488.00,79
1737,2023,3,4997,67,21648.00,80
1738,2023,2,4354,166,48430.00,67
1745,2023,12,4727,301,24319.00,63
1769,2023,11,3476,983,13142.00,71
1770,2023,5,9786,126,220.00,78
1771,2023,12,8016,899,49510.00,67
1784,2023,2,5879,508,42679.00,40
1788,2023,6,2350,771,27703.00,51
1789,2023,2,3618,559,12708.00,20
1795,2023,2,1550,175,12218.00,52
1804,2023,11,1990,38,19197.00,36
1818,2023,4,4829,359,49530.00,85
1832,2023,10,1550,249,19370.00,10
1841,2023,8,6397,391,42580.00,77
1842,2023,6,5604,23,37291.00,98
1849,2023,4,4077,821,8361.00,94
1851,2023,9,3357,40,46868.00,98
1855,2023,3,5619,283,34682.00,86
1858,2023,7,8959,746,49537.00,87
1859,2023,12,9702,157,4501.00,29
1860,2023,12,9000,202,11875.00,33
1864,2023,4,7034,566,6285.00,87
1866,2023,2,4561,683,18209.00,76
1870,2023,1,4556,70,395.00,46
1872,2023,4,4860,466,519.00,70
1875,2023,2,5195,834,15119.00,22
1887,2023,9,3410,55,30783.00,85
1897,2023,10,2951,573,10287.00,29
1902,2023,12,1612,912,13568.00,49
1911,2023,8,4944,368,30721.00,8
1914,2023,3,2660,453,22073.00,15
1917,2023,7,5382,961,32615.00,71
1924,2023,9,6062,172,3056.00,15
1927,2023,9,7242,701,32490.00,60
1932,2023,7,3252,175,37301.00,20
1934,2023,4,7086,588,24188.00,100
1945,2023,10,3466,14,1410.00,90
1961,2023,5,1570,338,29508.00,16
1963,2023,4,3957,379,40325.00,65
1966,2023,10,9005,866,4002.00,36
1970,2023,8,5381,568,19910.00,19
1976,2023,12,7529,83,44760.00,79
1977,2023,7,4626,183,10238.00,37
1983,2023,11,9380,907,19900.00,68
1991,2023,7,9905,990,21539.00,94
15,2024,5,7901,87,6460.00,82
17,2024,2,7738,388,26935.00,3
33,2024,6,6772,204,16587.00,34
42,2024,2,1590,220,34728.00,71
50,2024,1,3456,410,25289.00,84
68,2024,5,6224,763,49694.00,1
76,2024,11,2583,1,49622.00,43
77,2024,6,4170,289,7327.00,69
79,2024,2,9606,403,25975.00,99
81,2024,4,2733,392,37193.00,26
85,2024,12,6121,172,28108.00,78
92,2024,9,1161,310,40809.00,42
93,2024,11,1644,777,49576.00,46
94,2024,3,8209,888,18924.00,8
119,2024,12,9061,299,34762.00,62
125,2024,7,1729,392,16249.00,22
138,2024,11,3840,934,28486.00,84
140,2024,9,7661,510,36274.00,49
153,2024,3,8120,568,35402.00,18
155,2024,10,1748,526,46846.00,42
161,2024,10,8631,499,12169.00,35
162,2024,12,2618,660,16936.00,15
172,2024,6,2492,856,39803.00,93
179,2024,3,4182,120,18689.00,97
182,2024,3,9954,611,49949.00,17
186,2024,9,7329,440,43935.00,57
188,2024,9,6441,356,39303.00,29
196,2024,8,1884,178,44279.00,1
198,2024,1,3466,388,23097.00,7
204,2024,11,1027,97,12314.00,98
210,2024,10,4942,340,21489.00,65
211,2024,7,6371,845,38996.00,86
212,2024,9,6394,443,37519.00,6
214,2024,12,9831,581,1775.00,19
223,2024,10,5668,972,9781.00,1
230,2024,9,6811,561,45237.00,27
232,2024,12,3466,573,23461.00,18
236,2024,12,7501,430,45232.00,49
237,2024,6,5318,349,37757.00,27
241,2024,8,2194,126,8835.00,91
250,2024,6,3681,803,20707.00,36
251,2024,1,5091,994,43616.00,56
262,2024,9,1265,389,23237.00,84
266,2024,5,2507,157,24284.00,45
268,2024,12,7580,854,39030.00,20
270,2024,8,6396,217,32002.00,64
277,2024,4,7743,535,17368.00,3
279,2024,4,7081,566,26235.00,76
294,2024,2,5801,868,1735.00,53
299,2024,1,2086,614,23630.00,69
304,2024,8,8996,952,47369.00,54
307,2024,12,5455,533,27460.00,33
318,2024,11,5260,518,19390.00,95
320,2024,8,6756,598,34011.00,62
347,2024,3,3408,276,22102.00,40
357,2024,8,5089,53,38878.00,13
360,2024,8,5448,504,25112.00,1
363,2024,5,4575,418,44008.00,19
373,2024,9,3564,933,27639.00,89
374,2024,2,4788,124,30363.00,37
375,2024,9,9755,499,21607.00,44
380,2024,4,4564,491,11930.00,74
387,2024,9,9526,616,31020.00,19
391,2024,2,9538,139,19284.00,72
395,2024,3,8226,462,16003.00,3
407,2024,11,4488,409,3448.00,41
419,2024,12,3842,677,47400.00,27
426,2024,10,7194,213,32181.00,56
427,2024,1,8867,50,12463.00,83
431,2024,1,8683,536,5024.00,56
432,2024,2,3419,587,22782.00,9
433,2024,9,9699,326,40210.00,41
457,2024,7,2837,273,17223.00,81
461,2024,8,6250,627,22445.00,36
463,2024,6,7236,834,32863.00,77
466,2024,7,4418,384,20278.00,30
470,2024,6,3481,501,25038.00,42
472,2024,2,8586,443,3384.00,1
484,2024,2,4784,390,41246.00,80
488,2024,3,7987,888,47239.00,43
491,2024,1,5357,535,6856.00,63
493,2024,11,9742,779,25622.00,96
499,2024,9,8637,556,23996.00,32
502,2024,10,1794,455,16697.00,7
511,2024,9,7892,878,4238.00,8
518,2024,7,3085,137,23766.00,20
524,2024,11,5178,190,5237.00,72
536,2024,2,9306,344,42068.00,78
547,2024,1,3331,160,6121.00,1
558,2024,11,8470,419,37499.00,22
563,2024,8,1401,206,17047.00,22
570,2024,10,6525,481,35084.00,33
585,2024,7,1176,881,3078.00,56
586,2024,11,7542,907,35223.00,49
601,2024,12,6458,476,34892.00,19
602,2024,1,3716,758,33357.00,87
628,2024,8,2031,793,15503.00,10
632,2024,8,2494,217,24347.00,29
640,2024,2,1465,816,46539.00,86
644,2024,4,4836,291,46431.00,63
645,2024,3,7066,486,33334.00,15
647,2024,10,7304,762,29485.00,97
652,2024,1,1287,452,22498.00,82
653,2024,5,3316,31,22657.00,75
657,2024,5,2508,478,45474.00,53
674,2024,4,8735,95,46365.00,70
681,2024,12,9242,48,28161.00,94
693,2024,8,5267,989,28107.00,91
694,2024,4,9716,40,34346.00,19
699,2024,9,7667,359,28668.00,31
701,2024,6,1811,703,21743.00,71
704,2024,11,4264,634,3240.00,35
716,2024,4,2757,60,19081.00,89
720,2024,11,2995,136,24098.00,67
726,2024,4,5149,586,48271.00,79
729,2024,7,4155,174,38795.00,10
735,2024,5,2039,655,9808.00,61
749,2024,5,2386,135,8499.00,77
753,2024,5,4301,455,20160.00,14
761,2024,4,4283,17,4109.00,27
775,2024,3,9749,231,3612.00,28
779,2024,5,3910,679,4975.00,68
780,2024,3,5572,214,14900.00,67
786,2024,6,6734,43,5847.00,36
794,2024,2,5479,27,26559.00,51
795,2024,10,6993,482,38632.00,59
802,2024,2,7290,75,18503.00,95
818,2024,10,9448,431,434.00,15
830,2024,4,9118,589,39852.00,54
832,2024,11,6575,409,20948.00,9
856,2024,10,9186,324,4992.00,7
861,2024,3,7827,515,40769.00,26
863,2024,12,7329,285,6050.00,28
868,2024,8,7067,692,5346.00,57
882,2024,10,9289,530,3350.00,68
886,2024,5,9545,904,20796.00,65
902,2024,2,8074,448,47722.00,31
906,2024,2,6091,629,13376.00,19
909,2024,10,3737,304,19136.00,43
910,2024,6,8057,84,4417.00,23
914,2024,8,7305,623,42454.00,73
919,2024,2,3838,141,27103.00,5
923,2024,7,8239,814,32256.00,3
928,2024,1,5086,680,44223.00,27
933,2024,11,7295,63,19778.00,5
954,2024,7,2433,565,46229.00,92
959,2024,8,8187,595,32188.00,77
965,2024,7,7307,206,44897.00,80
966,2024,12,2668,267,47437.00,75
979,2024,5,8739,719,31483.00,31
986,2024,9,4319,218,23746.00,93
988,2024,1,2094,729,36862.00,70
998,2024,4,8861,499,37070.00,67
1010,2024,9,5440,734,18874.00,75
1016,2024,1,6591,472,12280.00,38
1020,2024,3,7029,66,32606.00,58
1022,2024,12,9523,586,36288.00,33
1039,2024,1,9530,87,3407.00,82
1044,2024,3,7725,679,38999.00,7
1045,2024,8,6710,648,29827.00,4
1046,2024,10,7237,18,3466.00,25
1053,2024,1,2440,175,26902.00,62
1067,2024,3,5108,999,20587.00,57
1071,2024,7,1798,378,39217.00,97
1076,2024,3,9071,93,43091.00,90
1088,2024,1,3361,730,4797.00,5
1090,2024,12,9828,108,22282.00,85
1096,2024,4,2816,36,46961.00,40
1102,2024,6,8571,502,14291.00,79
1106,2024,10,3506,122,48984.00,52
1118,2024,9,3568,71,22011.00,31
1127,2024,12,6686,450,15981.00,100
1137,2024,7,2173,384,48444.00,75
1138,2024,10,3503,808,8617.00,53
1149,2024,8,8976,128,9679.00,62
1155,2024,2,3156,128,33318.00,19
1158,2024,5,3547,165,21581.00,23
1163,2024,12,8344,313,16213.00,3
1167,2024,9,4567,794,2133.00,99
1172,2024,9,6225,670,5867.00,82
1173,2024,1,5416,713,33315.00,52
1201,2024,11,9837,63,233.00,53
1202,2024,2,2614,992,8367.00,89
1203,2024,3,2097,787,38201.00,4
1207,2024,10,7224,875,11881.00,1
1211,2024,1,3070,201,35350.00,79
1214,2024,10,5784,75,44142.00,59
1215,2024,8,2512,135,40168.00,82
1216,2024,4,9656,264,36504.00,22
1230,2024,4,1228,490,12023.00,72
1256,2024,2,8806,788,21456.00,31
1261,2024,5,8628,497,851.00,65
1263,2024,12,3810,19,40334.00,4
1269,2024,5,2004,680,7375.00,27
1270,2024,9,3029,565,9697.00,81
1273,2024,8,3404,881,34021.00,23
1278,2024,7,5128,501,24170.00,73
1283,2024,7,1454,843,39178.00,97
1286,2024,4,6558,99,45206.00,17
1288,2024,2,3128,469,14923.00,82
1290,2024,10,3622,506,25805.00,45
1298,2024,1,5725,292,13505.00,23
1301,2024,4,9353,301,27059.00,91
1310,2024,10,7683,384,5378.00,72
1312,2024,1,2760,2,1742.00,3
1317,2024,7,9815,500,13713.00,80
1318,2024,3,9395,626,26845.00,87
1322,2024,3,7142,264,49447.00,61
1331,2024,9,8193,439,38799.00,52
1350,2024,5,9769,670,35365.00,64
1357,2024,10,7151,471,42934.00,18
1361,2024,1,5537,877,46298.00,69
1364,2024,6,5064,384,29083.00,21
1373,2024,11,3437,845,15111.00,87
1374,2024,4,1084,672,38055.00,50
1377,2024,9,7221,434,32668.00,71
1389,2024,10,9967,79,40234.00,12
1391,2024,6,8438,534,26396.00,91
1396,2024,12,5303,618,46133.00,95
1398,2024,4,9424,938,45206.00,67
1409,2024,3,3740,364,8750.00,4
1418,2024,11,9127,95,41305.00,81
1421,2024,10,3251,519,10695.00,38
1424,2024,10,2462,427,40009.00,80
1425,2024,4,5656,165,24946.00,66
1431,2024,12,2882,230,20001.00,70
1433,2024,8,7753,937,7905.00,32
1438,2024,9,1314,490,11962.00,83
1440,2024,12,9960,812,16621.00,60
1447,2024,7,1629,435,47597.00,48
1449,2024,8,2727,992,3566.00,66
1453,2024,6,8768,730,6893.00,12
1455,2024,8,9385,296,35422.00,19
1458,2024,7,8800,510,7018.00,93
1469,2024,8,6036,719,880.00,18
1473,2024,1,8415,917,27474.00,64
1477,2024,5,3147,110,6826.00,100
1478,2024,2,8138,428,7658.00,9
1479,2024,12,8180,922,19168.00,39
1484,2024,6,4046,631,45701.00,54
1491,2024,11,7044,963,5162.00,74
1509,2024,12,4041,11,29848.00,99
1529,2024,8,6014,167,24249.00,81
1535,2024,9,6752,573,16983.00,21
1536,2024,7,4328,172,46584.00,10
1540,2024,5,6250,857,21557.00,87
1569,2024,7,3609,588,43958.00,78
1570,2024,2,9301,34,45196.00,98
1571,2024,12,9569,376,35919.00,62
1574,2024,8,2200,233,12932.00,74
1576,2024,5,1101,244,46527.00,92
1577,2024,2,1899,613,572.00,41
1578,2024,4,2527,63,24376.00,89
1581,2024,2,2467,953,44489.00,25
1584,2024,3,2532,620,29126.00,16
1591,2024,2,1841,593,18553.00,43
1594,2024,5,1054,840,48512.00,100
1595,2024,7,1515,906,3305.00,94
1605,2024,7,7541,81,46785.00,3
1610,2024,4,1164,921,28917.00,40
1613,2024,3,3292,327,47347.00,8
1614,2024,1,8913,315,17380.00,84
1621,2024,11,7325,385,11680.00,7
1622,2024,12,2433,976,12599.00,95
1629,2024,11,6482,1,32940.00,64
1630,2024,8,9730,799,23124.00,52
1638,2024,7,7589,745,45864.00,25
1641,2024,11,8515,680,19200.00,50
1647,2024,12,9464,677,6360.00,51
1652,2024,11,6719,265,30798.00,57
1653,2024,5,6189,574,14756.00,91
1660,2024,12,5693,85,15316.00,91
1669,2024,10,1689,231,18118.00,16
1671,2024,9,6234,50,28944.00,54
1673,2024,8,8499,476,31322.00,1
1677,2024,12,1406,608,22744.00,11
1691,2024,3,1412,586,27385.00,81
1693,2024,10,4355,865,5076.00,88
1695,2024,11,9099,216,1067.00,62
1699,2024,10,7542,610,32819.00,88
1718,2024,11,3830,285,48557.00,10
1722,2024,11,5270,230,39525.00,47
1724,2024,3,7894,138,4324.00,45
1728,2024,3,4083,262,17204.00,36
1729,2024,4,6321,692,5321.00,91
1742,2024,5,5362,464,10263.00,11
1751,2024,2,4263,972,45565.00,31
1774,2024,12,8010,557,23861.00,11
1775,2024,2,9292,911,24873.00,85
1777,2024,10,4562,636,26684.00,92
1778,2024,10,6569,549,16899.00,24
1782,2024,6,6532,518,25102.00,62
1797,2024,6,9997,26,49123.00,40
1799,2024,12,7962,858,11855.00,80
1800,2024,5,7759,549,1029.00,36
1808,2024,9,4176,99,32346.00,91
1815,2024,10,2801,974,26382.00,85
1817,2024,2,1051,451,10277.00,100
1821,2024,5,4839,667,25120.00,50
1826,2024,2,2431,535,19859.00,8
1827,2024,1,4944,738,22922.00,64
1829,2024,8,5770,629,16308.00,19
1836,2024,11,8206,976,24946.00,29
1837,2024,10,1669,942,14699.00,10
1846,2024,8,2110,716,39379.00,15
1852,2024,7,8783,306,42768.00,74
1853,2024,5,7983,451,11379.00,15
1856,2024,1,6776,477,34388.00,51
1857,2024,11,5364,543,15060.00,2
1865,2024,7,6407,237,8279.00,31
1868,2024,2,5019,13,29327.00,84
1869,2024,2,1679,368,33194.00,58
1874,2024,10,9394,39,20847.00,64
1877,2024,4,3722,827,6235.00,1
1881,2024,3,3535,887,32008.00,45
1884,2024,11,6043,48,43082.00,85
1885,2024,4,6471,724,26253.00,61
1899,2024,5,7433,486,36808.00,47
1903,2024,9,6565,701,46328.00,31
1908,2024,6,9223,672,29770.00,17
1909,2024,4,1718,89,41302.00,76
1912,2024,7,7927,554,32696.00,67
1933,2024,2,6845,938,34490.00,19
1940,2024,3,5444,486,14131.00,93
1944,2024,9,1255,786,16442.00,8
1951,2024,6,9295,256,1878.00,77
1952,2024,8,2065,905,8615.00,61
1964,2024,7,2670,757,17332.00,28
1967,2024,8,4575,817,40238.00,97
1975,2024,4,4676,516,41947.00,94
1981,2024,2,2691,430,8099.00,40
1994,2024,4,3321,756,14441.00,32
2000,2024,3,1864,8,8482.00,17
1,2025,5,9547,214,40196.00,32
22,2025,4,3276,280,48270.00,96
32,2025,5,3770,650,15474.00,74
34,2025,6,8451,515,28462.00,29
37,2025,12,4600,90,28051.00,33
40,2025,12,3699,437,1976.00,62
43,2025,4,5930,551,49859.00,90
52,2025,9,3474,771,19721.00,42
53,2025,2,9032,502,2021.00,1
59,2025,5,9090,205,49008.00,73
61,2025,12,5844,474,28050.00,20
64,2025,9,7496,648,25581.00,73
66,2025,9,6356,445,12195.00,4
67,2025,12,5298,844,46852.00,97
78,2025,8,9160,716,3006.00,44
87,2025,1,2218,159,463.00,88
89,2025,7,6703,829,37087.00,32
91,2025,8,7835,542,33681.00,80
95,2025,3,8335,284,14794.00,96
97,2025,2,9927,316,24763.00,43
104,2025,8,2910,89,26094.00,45
116,2025,2,3520,290,5143.00,40
129,2025,4,8326,771,3052.00,95
133,2025,12,4285,111,43371.00,26
136,2025,8,4117,957,15622.00,62
139,2025,3,6720,196,13974.00,43
149,2025,3,5837,75,24861.00,71
151,2025,8,7173,781,4994.00,56
157,2025,6,8603,400,28980.00,10
160,2025,4,2250,46,34335.00,51
165,2025,7,8326,21,37452.00,21
171,2025,1,1620,307,46874.00,39
176,2025,5,8316,128,44450.00,68
185,2025,12,8842,956,26055.00,35
197,2025,10,7914,333,43071.00,41
218,2025,11,8410,144,41587.00,12
225,2025,12,2718,582,46772.00,13
234,2025,11,5467,57,26618.00,12
243,2025,5,9561,573,7933.00,56
247,2025,11,8648,689,38397.00,84
249,2025,9,2215,569,48265.00,48
254,2025,6,8379,762,28584.00,29
260,2025,9,2083,135,44214.00,32
269,2025,3,1328,717,40938.00,73
272,2025,6,4997,198,17964.00,31
276,2025,2,5600,628,26572.00,59
287,2025,12,9039,569,15730.00,83
288,2025,11,1065,832,4986.00,31
290,2025,7,9118,224,32334.00,64
297,2025,6,4700,635,8792.00,99
310,2025,11,2469,178,12604.00,66
319,2025,5,8716,213,4940.00,86
321,2025,7,1907,367,43047.00,76
324,2025,8,8563,786,47806.00,69
327,2025,5,7881,7,17670.00,69
329,2025,9,4901,167,7299.00,54
333,2025,6,9999,129,11196.00,100
336,2025,8,6263,837,29536.00,71
338,2025,8,3620,512,12076.00,40
351,2025,12,6608,220,2773.00,31
359,2025,3,3012,247,19916.00,22
370,2025,11,8966,700,36627.00,96
378,2025,5,9500,716,23140.00,96
381,2025,12,7635,587,2513.00,82
392,2025,3,5161,891,8348.00,34
393,2025,9,6481,144,45345.00,57
398,2025,3,6682,431,27843.00,73
399,2025,8,9408,452,12745.00,92
402,2025,10,3508,219,9074.00,72
405,2025,1,2709,818,21369.00,75
420,2025,11,9903,418,25328.00,16
422,2025,10,2389,223,5599.00,71
438,2025,7,5411,621,16376.00,3
445,2025,1,8402,430,9339.00,68
449,2025,11,4688,728,17462.00,78
453,2025,10,5215,17,28499.00,8
460,2025,7,2171,216,21422.00,56
467,2025,7,2701,142,46917.00,10
469,2025,5,7177,664,27555.00,64
478,2025,12,2276,377,36266.00,38
489,2025,6,6302,406,25319.00,61
490,2025,6,1159,446,48225.00,3
492,2025,2,9473,198,37031.00,98
498,2025,12,7668,446,43240.00,13
525,2025,11,5619,42,19119.00,84
545,2025,3,8684,703,34992.00,87
561,2025,4,8238,223,14027.00,50
562,2025,12,5490,560,29445.00,1
566,2025,3,8312,593,11391.00,65
569,2025,1,2910,68,31459.00,95
571,2025,11,5003,53,40312.00,50
589,2025,3,4293,956,36362.00,12
593,2025,5,2651,5,21077.00,53
597,2025,3,3844,304,2198.00,4
604,2025,10,7449,485,21135.00,28
606,2025,4,7946,819,41946.00,4
608,2025,3,2208,356,23806.00,45
612,2025,2,1839,329,3803.00,45
618,2025,4,5293,615,24100.00,33
635,2025,3,4546,506,38208.00,84
643,2025,4,9240,396,3057.00,63
668,2025,11,3860,441,36531.00,83
671,2025,1,3371,145,12832.00,5
675,2025,10,4258,48,6972.00,90
679,2025,12,7808,385,6456.00,97
680,2025,3,2156,722,6731.00,33
682,2025,10,1373,548,3387.00,26
695,2025,11,9940,550,49346.00,74
703,2025,8,8302,66,38761.00,40
734,2025,11,2020,735,22604.00,44
740,2025,10,5493,333,48639.00,56
760,2025,9,6965,792,29260.00,48
770,2025,4,4411,394,41393.00,79
772,2025,11,3596,762,28124.00,98
782,2025,11,9163,210,27197.00,83
787,2025,12,8273,155,27895.00,14
789,2025,4,9714,597,42294.00,44
796,2025,6,7184,569,11566.00,22
799,2025,1,3518,253,13013.00,50
807,2025,5,6124,527,43424.00,7
809,2025,6,2875,133,15711.00,17
813,2025,10,9592,375,43113.00,72
814,2025,2,3318,839,22707.00,71
815,2025,3,5586,903,2637.00,41
825,2025,3,4094,912,1527.00,18
829,2025,10,7557,857,48759.00,5
837,2025,11,2987,226,39785.00,29
840,2025,7,1126,983,19742.00,22
845,2025,4,2990,618,37508.00,31
846,2025,4,1820,30,23675.00,64
847,2025,6,1789,436,45192.00,33
849,2025,6,7546,472,31731.00,59
851,2025,6,7555,215,9813.00,75
859,2025,1,7698,102,49928.00,10
870,2025,2,5920,724,14155.00,33
872,2025,9,9194,59,39336.00,28
873,2025,12,6911,588,10670.00,70
881,2025,9,6827,817,28400.00,7
891,2025,6,3610,243,43586.00,61
893,2025,6,9887,948,31134.00,39
896,2025,4,3696,411,2064.00,44
908,2025,1,6116,390,16358.00,56
912,2025,2,3654,272,4056.00,82
913,2025,4,7094,464,42466.00,28
915,2025,2,3101,950,19566.00,53
926,2025,2,9833,16,765.00,24
937,2025,1,4994,255,2164.00,25
939,2025,3,3870,330,29991.00,31
942,2025,10,7090,731,40807.00,95
949,2025,7,8953,124,30547.00,69
956,2025,6,5622,585,9907.00,19
958,2025,12,1911,881,32857.00,75
960,2025,9,1383,101,38254.00,24
962,2025,4,6329,635,28838.00,89
974,2025,9,6836,335,16452.00,87
977,2025,9,1397,666,21070.00,48
990,2025,9,6587,153,19865.00,98
992,2025,2,8497,18,20038.00,51
1000,2025,2,8960,681,3234.00,79
1019,2025,10,5014,322,28396.00,43
1025,2025,11,9311,590,19958.00,67
1030,2025,12,2792,800,22814.00,75
1037,2025,9,7892,856,29888.00,23
1047,2025,8,5269,41,49485.00,100
1055,2025,8,7413,522,13758.00,23
1056,2025,2,8037,728,39671.00,79
1058,2025,8,5231,487,44743.00,65
1062,2025,9,3545,763,25601.00,86
1064,2025,6,2177,451,35586.00,67
1073,2025,4,6593,786,29267.00,100
1079,2025,7,6284,467,39784.00,10
1081,2025,2,2565,60,39726.00,46
1094,2025,6,7180,126,38069.00,72
1104,2025,6,9912,94,18761.00,50
1110,2025,1,8949,936,28722.00,48
1112,2025,6,2611,884,38459.00,55
1114,2025,11,2512,625,40791.00,5
1117,2025,12,2062,530,28209.00,82
1119,2025,12,1642,425,37978.00,84
1121,2025,11,2211,725,17908.00,32
1122,2025,9,2681,115,1362.00,37
1131,2025,2,6258,133,9880.00,6
1134,2025,11,3900,798,27220.00,55
1143,2025,2,7422,31,45466.00,36
1145,2025,3,9926,224,5678.00,20
1151,2025,10,6287,47,12645.00,77
1157,2025,2,6316,961,23081.00,33
1161,2025,12,8959,87,21919.00,68
1164,2025,6,2657,57,12017.00,48
1166,2025,2,3563,130,8351.00,30
1175,2025,1,3637,785,23429.00,21
1178,2025,6,6174,79,19254.00,36
1189,2025,3,8579,709,47953.00,48
1190,2025,7,3269,475,3707.00,77
1194,2025,8,2678,387,33719.00,17
1196,2025,3,2701,864,4538.00,48
1198,2025,11,4504,903,11817.00,35
1225,2025,6,1332,15,47735.00,68
1235,2025,7,6890,943,28221.00,37
1238,2025,6,5536,47,15820.00,73
1242,2025,7,4429,778,30484.00,38
1258,2025,4,8633,317,25234.00,79
1260,2025,7,6617,884,23733.00,10
1268,2025,2,9268,618,42920.00,17
1271,2025,11,4322,775,32906.00,96
1276,2025,4,7138,893,16871.00,14
1281,2025,12,3692,490,36866.00,87
1292,2025,6,2579,134,6411.00,70
1294,2025,10,7489,277,28463.00,32
1320,2025,5,4157,352,19454.00,27
1321,2025,10,1337,946,10946.00,81
1325,2025,12,2942,339,35309.00,43
1335,2025,7,1116,733,9815.00,51
1341,2025,8,9428,919,13411.00,8
1345,2025,4,4899,332,7617.00,18
1347,2025,12,1212,398,2871.00,12
1365,2025,9,5903,962,49383.00,84
1367,2025,9,1270,621,1372.00,37
1368,2025,12,6766,772,41826.00,45
1380,2025,12,7647,893,7083.00,90
1403,2025,6,9607,169,36896.00,54
1407,2025,1,8157,644,13300.00,92
1419,2025,11,5510,598,7726.00,33
1426,2025,12,1719,621,41446.00,86
1434,2025,8,3080,784,10219.00,83
1439,2025,5,9170,564,46579.00,28
1442,2025,12,4776,938,36237.00,80
1446,2025,9,8389,714,44661.00,17
1462,2025,9,6753,626,8472.00,62
1467,2025,3,2846,207,6312.00,65
1468,2025,10,3985,993,24433.00,67
1482,2025,11,8295,655,2353.00,82
1495,2025,8,1501,828,16450.00,44
1505,2025,9,8335,917,10746.00,32
1506,2025,12,3978,94,49113.00,34
1524,2025,8,1613,477,40020.00,19
1526,2025,10,7338,911,16812.00,74
1537,2025,4,7595,886,38213.00,86
1548,2025,5,7785,776,42927.00,13
1553,2025,6,6904,329,33077.00,68
1555,2025,9,2116,861,6952.00,10
1558,2025,2,5139,53,47993.00,100
1559,2025,2,5231,579,30330.00,51
1561,2025,5,1123,412,40937.00,54
1567,2025,4,2730,510,48891.00,81
1572,2025,5,2312,991,15626.00,20
1582,2025,7,9138,746,11745.00,50
1592,2025,7,4353,921,17819.00,96
1593,2025,8,3786,447,8783.00,43
1596,2025,7,7154,108,38011.00,35
1599,2025,11,6248,913,28260.00,12
1608,2025,12,3495,259,23814.00,27
1612,2025,7,5544,729,13839.00,31
1616,2025,3,9518,625,34503.00,100
1618,2025,10,5463,584,4555.00,25
1620,2025,10,8773,322,46237.00,50
1631,2025,8,5825,457,9732.00,64
1637,2025,5,8303,542,18854.00,76
1642,2025,8,7167,205,42903.00,1
1645,2025,11,1199,917,4490.00,39
1650,2025,5,7441,66,798.00,34
1655,2025,5,3681,58,18765.00,53
1670,2025,11,8482,871,32278.00,3
1672,2025,6,2832,188,10838.00,37
1675,2025,2,8090,518,6772.00,84
1681,2025,5,3899,110,47356.00,48
1684,2025,10,6763,513,15381.00,29
1687,2025,2,9595,792,26470.00,50
1698,2025,10,4372,86,25590.00,85
1702,2025,10,9903,36,1601.00,67
1703,2025,11,9446,677,23731.00,13
1715,2025,4,3716,555,2999.00,64
1725,2025,4,3271,341,40423.00,85
1727,2025,12,8148,850,34697.00,1
1734,2025,6,5668,715,31704.00,45
1735,2025,9,4867,630,31533.00,88
1741,2025,11,1903,884,35002.00,3
1743,2025,2,1476,878,4012.00,56
1750,2025,6,5155,574,7535.00,44
1758,2025,3,7109,535,21910.00,66
1759,2025,12,6256,800,21907.00,43
1760,2025,11,7197,916,29872.00,14
1767,2025,7,8002,689,9523.00,99
1779,2025,1,5726,218,36568.00,9
1781,2025,10,6691,17,18019.00,91
1785,2025,10,7915,833,49593.00,49
1798,2025,5,3067,183,49631.00,18
1803,2025,11,7850,548,12589.00,36
1822,2025,11,8936,829,34112.00,88
1824,2025,2,1427,112,47975.00,34
1831,2025,5,5982,177,41974.00,90
1834,2025,9,1675,29,43440.00,85
1835,2025,10,6515,139,47145.00,90
1844,2025,10,6510,933,44104.00,85
1845,2025,7,7566,946,21324.00,96
1847,2025,5,7629,41,9980.00,86
1862,2025,7,9919,109,14469.00,44
1871,2025,6,5414,791,19463.00,31
1879,2025,5,9922,835,8269.00,26
1882,2025,12,9393,427,14154.00,20
1894,2025,12,7259,948,27378.00,20
1915,2025,9,5774,321,29719.00,64
1925,2025,3,2301,487,6993.00,20
1929,2025,12,1842,810,11393.00,8
1935,2025,7,7202,20,13234.00,44
1937,2025,12,2523,859,7.00,10
1938,2025,5,1014,519,12071.00,13
1939,2025,8,8320,980,14426.00,97
1941,2025,1,1510,769,25532.00,77
1943,2025,4,1000,978,4714.00,89
1946,2025,11,4175,360,7279.00,57
1954,2025,1,9644,730,21318.00,74
1956,2025,6,2474,46,12576.00,37
1958,2025,6,6253,17,49610.00,26
1965,2025,6,8050,689,44687.00,79
1968,2025,5,3608,73,17055.00,68
1971,2025,10,7381,620,11318.00,62
1982,2025,7,5735,953,20723.00,13
1986,2025,5,9074,982,28769.00,86
1997,2025,12,5707,748,15799.00,37
3,2026,7,5212,344,46430.00,27
9,2026,1,5339,283,47924.00,39
11,2026,10,3219,293,18888.00,36
14,2026,7,5292,347,39717.00,83
19,2026,11,6481,590,29600.00,17
23,2026,8,6099,464,33460.00,79
26,2026,10,8081,355,44062.00,12
36,2026,10,6504,252,30449.00,75
38,2026,3,9189,2,2303.00,45
41,2026,8,9431,492,13358.00,30
47,2026,6,3724,58,5318.00,78
54,2026,9,9674,382,1956.00,51
62,2026,8,6337,149,7045.00,67
98,2026,5,2775,263,49362.00,70
99,2026,3,3534,812,13493.00,28
100,2026,1,5775,420,30187.00,18
102,2026,2,4373,393,46126.00,22
107,2026,7,3713,109,42701.00,52
109,2026,1,2388,909,20465.00,80
115,2026,2,8005,915,31702.00,40
126,2026,3,2740,808,19985.00,52
132,2026,7,6006,369,17974.00,4
137,2026,10,3255,296,31264.00,82
147,2026,2,4778,754,25127.00,53
178,2026,4,9052,394,6867.00,74
194,2026,1,1931,96,16492.00,44
195,2026,1,2699,825,11691.00,76
199,2026,12,5541,566,26029.00,44
200,2026,7,2114,185,35119.00,3
203,2026,3,1187,703,39676.00,31
217,2026,5,9756,975,11260.00,78
235,2026,7,2025,585,24364.00,94
238,2026,4,9684,423,49158.00,30
246,2026,4,7286,898,26409.00,72
253,2026,7,7897,903,27758.00,100
265,2026,2,9098,215,17941.00,38
267,2026,10,6320,552,31043.00,38
273,2026,1,6392,38,18415.00,82
282,2026,3,4034,495,9387.00,56
289,2026,11,2694,188,39623.00,51
314,2026,8,3379,301,8447.00,83
315,2026,2,2304,173,22785.00,1
322,2026,9,8083,322,15454.00,44
325,2026,5,5155,655,5004.00,20
328,2026,4,2324,591,15390.00,32
342,2026,2,2752,937,25700.00,60
355,2026,6,2572,205,22603.00,31
358,2026,4,5949,42,42110.00,68
365,2026,10,2630,633,18439.00,3
377,2026,5,2715,825,40870.00,61
383,2026,9,7067,37,41710.00,37
386,2026,4,5609,891,15256.00,50
403,2026,1,3463,667,44230.00,69
406,2026,3,5448,537,46857.00,81
424,2026,9,4691,608,17861.00,33
425,2026,4,3757,556,22882.00,16
440,2026,12,5047,443,28033.00,94
442,2026,10,9038,986,40526.00,83
444,2026,8,4349,495,2469.00,37
448,2026,10,5607,926,32761.00,92
450,2026,3,5933,857,1486.00,25
451,2026,3,9348,203,29319.00,37
452,2026,9,3796,715,24681.00,22
459,2026,1,9431,607,29158.00,27
462,2026,11,4931,1000,674.00,99
471,2026,7,5044,707,41808.00,12
473,2026,2,2829,241,21918.00,3
475,2026,11,1515,80,25887.00,41
485,2026,10,6672,374,14424.00,37
496,2026,1,8010,654,17121.00,46
500,2026,1,4050,430,45145.00,68
510,2026,11,9853,565,47483.00,22
513,2026,10,8135,532,40212.00,15
526,2026,12,9723,465,13475.00,2
528,2026,11,1382,539,3904.00,85
532,2026,3,6686,876,37460.00,4
538,2026,2,7050,312,29899.00,8
539,2026,6,2857,949,13725.00,45
540,2026,10,6317,199,44205.00,63
541,2026,6,2323,797,38289.00,51
557,2026,8,5490,691,22985.00,8
560,2026,10,6073,113,10455.00,84
581,2026,12,9268,212,29020.00,51
582,2026,5,1306,933,1369.00,30
588,2026,5,8527,497,1703.00,9
596,2026,10,3589,758,41137.00,30
600,2026,5,9230,226,8888.00,18
603,2026,4,5481,716,9150.00,96
605,2026,2,9344,74,28177.00,7
609,2026,12,7583,200,20747.00,14
621,2026,6,7903,900,47777.00,96
622,2026,9,6200,202,48928.00,68
625,2026,9,4099,794,38846.00,51
626,2026,10,9015,832,37276.00,68
646,2026,1,2550,345,7573.00,88
649,2026,6,2560,428,4007.00,45
651,2026,2,7442,453,29960.00,68
654,2026,8,1366,893,34330.00,78
656,2026,11,7027,309,37796.00,100
662,2026,8,7396,828,29317.00,48
678,2026,12,8124,812,47386.00,59
698,2026,5,7459,938,34761.00,61
706,2026,9,3454,68,31061.00,54
708,2026,6,9640,241,33687.00,4
722,2026,11,9969,853,47657.00,40
737,2026,2,7877,116,33159.00,30
751,2026,10,5611,509,1768.00,87
754,2026,9,2519,92,18296.00,14
758,2026,8,8339,864,29260.00,29
762,2026,12,4179,767,10322.00,53
763,2026,11,4093,227,45764.00,18
769,2026,8,7291,695,4650.00,23
771,2026,11,4305,476,8129.00,77
783,2026,1,4889,289,21265.00,74
784,2026,9,2902,423,7962.00,98
785,2026,4,1793,267,7188.00,22
788,2026,3,6522,411,9920.00,37
797,2026,12,7411,615,49157.00,90
798,2026,11,2300,10,35729.00,41
810,2026,7,8788,742,5268.00,35
816,2026,7,1313,833,34627.00,46
822,2026,7,1525,288,2773.00,87
836,2026,2,5010,567,6740.00,100
844,2026,2,2735,713,27873.00,55
850,2026,6,4846,724,15149.00,25
853,2026,11,7360,855,48764.00,7
865,2026,6,8626,473,17819.00,74
877,2026,12,2047,710,20090.00,86
880,2026,3,9092,120,46051.00,42
883,2026,8,2314,787,14835.00,46
889,2026,7,3170,6,48155.00,83
917,2026,2,3659,372,39100.00,42
918,2026,12,2650,790,8284.00,21
927,2026,9,4928,777,8929.00,91
931,2026,9,2651,882,15992.00,63
941,2026,2,8415,157,34831.00,22
944,2026,8,8999,682,33459.00,56
945,2026,11,3729,815,45333.00,6
951,2026,9,9438,173,21834.00,76
955,2026,4,9664,593,29298.00,66
964,2026,1,1103,213,6596.00,25
969,2026,2,9792,229,37974.00,86
971,2026,2,1828,105,43761.00,76
982,2026,9,8543,559,22508.00,94
984,2026,7,4239,499,33551.00,45
985,2026,1,7205,327,6136.00,68
991,2026,2,6977,144,33970.00,74
997,2026,3,7500,125,38861.00,17
1005,2026,7,2047,257,10258.00,66
1013,2026,1,2938,102,24118.00,84
1024,2026,8,3355,915,32722.00,62
1026,2026,5,8620,782,35086.00,57
1035,2026,2,8095,153,13853.00,95
1063,2026,9,8591,297,18759.00,78
1065,2026,4,8290,129,37746.00,45
1066,2026,4,7169,635,11987.00,66
1068,2026,10,5670,755,32109.00,83
1083,2026,3,2643,9,19994.00,5
1087,2026,2,8518,835,36316.00,1
1091,2026,1,3863,695,14436.00,28
1097,2026,8,5352,777,46227.00,60
1107,2026,11,9692,1,46924.00,99
1111,2026,5,7799,291,3398.00,81
1113,2026,7,5803,944,8729.00,85
1129,2026,6,6971,799,41468.00,69
1135,2026,11,9014,395,26154.00,79
1136,2026,7,4221,212,2392.00,78
1139,2026,9,5402,598,4975.00,2
1147,2026,11,9136,199,2423.00,31
1150,2026,6,8240,646,3455.00,43
1156,2026,5,7947,12,5129.00,20
1162,2026,10,2439,7,28358.00,60
1169,2026,6,3728,619,1265.00,23
1184,2026,7,4981,933,46752.00,35
1186,2026,4,8359,332,35195.00,78
1197,2026,4,5061,127,12019.00,31
1204,2026,3,3629,771,29511.00,80
1206,2026,10,6146,937,8114.00,84
1218,2026,3,1213,752,37465.00,88
1232,2026,9,1704,872,32099.00,69
1234,2026,7,4245,971,20259.00,31
1237,2026,10,3596,890,29672.00,32
1239,2026,12,2742,921,531.00,62
1241,2026,5,6508,985,3543.00,89
1245,2026,4,5743,635,38954.00,18
1251,2026,2,7243,187,36979.00,89
1254,2026,10,4520,306,26126.00,85
1262,2026,4,2015,563,35649.00,32
1265,2026,10,6010,34,28699.00,40
1282,2026,7,6559,754,35580.00,14
1287,2026,4,2455,861,31965.00,65
1297,2026,5,7675,189,8557.00,26
1302,2026,11,3651,72,27364.00,51
1303,2026,12,8095,420,7148.00,54
1305,2026,11,5033,477,6062.00,71
1313,2026,2,6567,648,30489.00,97
1314,2026,10,8138,905,34541.00,78
1324,2026,5,6653,164,18115.00,92
1326,2026,5,7313,412,10186.00,54
1333,2026,11,5009,105,24193.00,4
1336,2026,5,9747,284,6048.00,60
1338,2026,1,5087,495,47396.00,73
1342,2026,11,9674,248,11978.00,14
1351,2026,8,8463,425,13630.00,66
1353,2026,7,3304,576,35566.00,15
1356,2026,12,3353,307,43853.00,65
1370,2026,6,3067,838,6633.00,33
1376,2026,1,3657,723,29457.00,74
1378,2026,10,5899,464,34146.00,77
1384,2026,4,1275,333,41494.00,6
1392,2026,11,5380,598,29809.00,15
1397,2026,1,7259,64,9029.00,87
1405,2026,1,8464,531,22089.00,27
1410,2026,12,7527,218,25208.00,18
1417,2026,1,3530,896,27100.00,57
1423,2026,1,5332,82,36036.00,72
1428,2026,11,4067,561,30556.00,82
1437,2026,9,6372,462,7463.00,99
1451,2026,9,6739,967,5112.00,1
1463,2026,2,3280,276,31631.00,75
1466,2026,9,8875,907,5320.00,59
1472,2026,8,2216,286,47146.00,27
1474,2026,9,5544,658,37992.00,24
1480,2026,7,8270,869,5548.00,26
1489,2026,6,4008,117,25468.00,100
1497,2026,8,1472,239,7489.00,89
1499,2026,9,8866,128,2809.00,30
1503,2026,9,2089,40,40568.00,76
1510,2026,7,6890,566,22683.00,64
1511,2026,9,1228,675,18022.00,15
1515,2026,11,3185,113,14640.00,15
1516,2026,9,1789,947,27823.00,94
1517,2026,9,1757,870,5031.00,31
1520,2026,3,5542,455,8168.00,94
1530,2026,6,4025,586,15849.00,48
1539,2026,3,6883,500,4431.00,100
1544,2026,2,9535,536,24928.00,28
1549,2026,3,5573,931,12670.00,6
1551,2026,3,5496,121,38670.00,59
1554,2026,8,8489,713,46697.00,6
1556,2026,8,3528,414,38484.00,60
1563,2026,8,6383,929,11193.00,46
1588,2026,1,1852,79,11743.00,81
1603,2026,1,4015,368,25932.00,65
1609,2026,11,8795,907,42047.00,64
1611,2026,2,5383,802,6813.00,49
1615,2026,10,8349,109,52.00,78
1624,2026,8,1987,398,37432.00,47
1632,2026,9,5547,741,21988.00,60
1633,2026,6,6384,900,42160.00,32
1662,2026,6,1872,662,42813.00,36
1665,2026,6,6968,779,45416.00,6
1674,2026,12,9146,431,23349.00,8
1678,2026,11,7124,804,2087.00,43
1679,2026,1,4705,827,27083.00,93
1688,2026,11,1606,540,7046.00,85
1705,2026,8,2420,278,37008.00,89
1706,2026,9,5036,941,21949.00,85
1714,2026,9,5701,382,38371.00,27
1716,2026,4,5667,251,21616.00,75
1731,2026,9,4825,448,13180.00,61
1733,2026,3,9352,185,10524.00,93
1739,2026,2,6821,488,21108.00,41
1744,2026,9,1035,83,8782.00,87
1752,2026,11,1901,17,19704.00,70
1753,2026,8,8218,59,8184.00,89
1763,2026,11,3685,139,47545.00,91
1765,2026,1,2291,317,9124.00,99
1766,2026,7,4492,77,35212.00,88
1773,2026,3,7326,109,35552.00,42
1793,2026,2,7667,180,38854.00,71
1796,2026,2,1497,937,5300.00,16
1805,2026,10,5491,331,32421.00,11
1809,2026,6,7472,976,21514.00,76
1816,2026,5,5233,8,23130.00,70
1819,2026,6,9730,133,48919.00,98
1828,2026,10,4845,122,2100.00,25
1861,2026,12,2408,32,29111.00,83
1878,2026,12,8176,894,29814.00,73
1880,2026,2,4062,658,1804.00,15
1889,2026,10,5386,436,45528.00,14
1890,2026,4,2131,209,38561.00,68
1891,2026,6,8869,882,17765.00,80
1900,2026,1,6272,408,31826.00,15
1907,2026,7,1561,241,1977.00,31
1923,2026,9,8396,38,17676.00,100
1926,2026,9,7604,972,14519.00,84
1931,2026,7,2215,496,19442.00,49
1953,2026,10,9244,389,11931.00,5
1955,2026,1,3222,457,29647.00,3
1978,2026,6,1042,85,23140.00,47
1980,2026,5,1847,825,47854.00,75
1985,2026,10,4184,573,15543.00,31
1992,2026,12,1799,171,35984.00,8
1995,2026,4,8746,45,17175.00,69
1996,2026,3,8075,638,32851.00,44
1998,2026,6,4618,204,46090.00,21
1999,2026,5,5562,294,13663.00,31
