1,EXT-1,Imported Product 1,Software,8609.9900,U,0,2026-08-12 20:05:08.216634
2,EXT-2,Imported Product 2,Services,7442.9900,D,0,2026-08-12 20:05:08.216634
3,EXT-3,Imported Product 3,Hardware,5730.9900,I,0,2026-08-12 20:05:08.216634
4,EXT-4,Imported Product 4,Software,3529.9900,I,0,2026-08-12 20:05:08.220718
5,EXT-5,Imported Product 5,Services,5560.9900,D,0,2026-08-12 20:05:08.220718
6,EXT-6,Imported Product 6,Services,5711.9900,I,0,2026-08-12 20:05:08.220718
7,EXT-7,Imported Product 7,Services,1598.9900,I,0,2026-08-12 20:05:08.224853
8,EXT-8,Imported Product 8,Software,858.9900,I,0,2026-08-12 20:05:08.224853
9,EXT-9,Imported Product 9,Software,6964.9900,U,0,2026-08-12 20:05:08.224853
10,EXT-10,Imported Product 10,Software,8204.9900,U,0,2026-08-12 20:05:08.224853
11,EXT-11,Imported Product 11,Hardware,8037.9900,U,0,2026-08-12 20:05:08.228934
12,EXT-12,Imported Product 12,Services,2180.9900,I,0,2026-08-12 20:05:08.228934
13,EXT-13,Imported Product 13,Software,6175.9900,D,0,2026-08-12 20:05:08.228934
14,EXT-14,Imported Product 14,Services,8591.9900,U,0,2026-08-12 20:05:08.233008
15,EXT-15,Imported Product 15,Hardware,7164.9900,I,0,2026-08-12 20:05:08.233008
16,EXT-16,Imported Product 16,Hardware,3511.9900,D,0,2026-08-12 20:05:08.237082
17,EXT-17,Imported Product 17,Services,3875.9900,I,0,2026-08-12 20:05:08.237082
18,EXT-18,Imported Product 18,Services,6453.9900,D,0,2026-08-12 20:05:08.237082
19,EXT-19,Imported Product 19,Services,6653.9900,I,0,2026-08-12 20:05:08.237082
20,EXT-20,Imported Product 20,Services,7437.9900,I,0,2026-08-12 20:05:08.241166
21,EXT-21,Imported Product 21,Hardware,3815.9900,D,0,2026-08-12 20:05:08.241166
22,EXT-22,Imported Product 22,Hardware,1267.9900,D,0,2026-08-12 20:05:08.241166
23,EXT-23,Imported Product 23,Hardware,2446.9900,D,0,2026-08-12 20:05:08.245249
24,EXT-24,Imported Product 24,Software,9570.9900,U,0,2026-08-12 20:05:08.245249
25,EXT-25,Imported Product 25,Hardware,5316.9900,U,0,2026-08-12 20:05:08.245249
26,EXT-26,Imported Product 26,Software,535.9900,U,0,2026-08-12 20:05:08.249331
27,EXT-27,Imported Product 27,Software,3530.9900,D,0,2026-08-12 20:05:08.249331
28,EXT-28,Imported Product 28,Software,9197.9900,D,0,2026-08-12 20:05:08.249331
29,EXT-29,Imported Product 29,Services,5175.9900,U,0,2026-08-12 20:05:08.253402
30,EXT-30,Imported Product 30,Software,1431.9900,U,0,2026-08-12 20:05:08.253402
31,EXT-31,Imported Product 31,Services,490.9900,I,0,2026-08-12 20:05:08.257485
32,EXT-32,Imported Product 32,Software,6048.9900,D,0,2026-08-12 20:05:08.257485
33,EXT-33,Imported Product 33,Services,8534.9900,I,0,2026-08-12 20:05:08.257485
34,EXT-34,Imported Product 34,Software,6297.9900,D,0,2026-08-12 20:05:08.261563
35,EXT-35,Imported Product 35,Hardware,3027.9900,I,0,2026-08-12 20:05:08.261563
36,EXT-36,Imported Product 36,Services,3683.9900,U,0,2026-08-12 20:05:08.261563
37,EXT-37,Imported Product 37,Services,6946.9900,D,0,2026-08-12 20:05:08.261563
38,EXT-38,Imported Product 38,Services,7160.9900,D,0,2026-08-12 20:05:08.265646
39,EXT-39,Imported Product 39,Hardware,1815.9900,U,0,2026-08-12 20:05:08.265646
40,EXT-40,Imported Product 40,Software,3369.9900,D,0,2026-08-12 20:05:08.265646
41,EXT-41,Imported Product 41,Services,5965.9900,U,0,2026-08-12 20:05:08.269719
42,EXT-42,Imported Product 42,Software,3291.9900,D,0,2026-08-12 20:05:08.269719
43,EXT-43,Imported Product 43,Software,5474.9900,U,0,2026-08-12 20:05:08.269719
44,EXT-44,Imported Product 44,Hardware,3658.9900,D,0,2026-08-12 20:05:08.273839
45,EXT-45,Imported Product 45,Software,10073.9900,U,0,2026-08-12 20:05:08.273839
46,EXT-46,Imported Product 46,Hardware,4180.9900,D,0,2026-08-12 20:05:08.277920
47,EXT-47,Imported Product 47,Software,388.9900,I,0,2026-08-12 20:05:08.277920
48,EXT-48,Imported Product 48,Hardware,1220.9900,D,0,2026-08-12 20:05:08.277920
49,EXT-49,Imported Product 49,Services,5926.9900,I,0,2026-08-12 20:05:08.282000
50,EXT-50,Imported Product 50,Services,8717.9900,D,0,2026-08-12 20:05:08.282000
51,EXT-51,Imported Product 51,Software,1017.9900,D,0,2026-08-12 20:05:08.282000
52,EXT-52,Imported Product 52,Hardware,4871.9900,D,0,2026-08-12 20:05:08.286073
53,EXT-53,Imported Product 53,Software,9509.9900,U,0,2026-08-12 20:05:08.286073
54,EXT-54,Imported Product 54,Software,155.9900,U,0,2026-08-12 20:05:08.286073
55,EXT-55,Imported Product 55,Hardware,5657.9900,U,0,2026-08-12 20:05:08.290157
56,EXT-56,Imported Product 56,Hardware,3550.9900,D,0,2026-08-12 20:05:08.290157
57,EXT-57,Imported Product 57,Hardware,7638.9900,I,0,2026-08-12 20:05:08.290157
58,EXT-58,Imported Product 58,Services,595.9900,I,0,2026-08-12 20:05:08.294237
59,EXT-59,Imported Product 59,Software,7161.9900,D,0,2026-08-12 20:05:08.294237
60,EXT-60,Imported Product 60,Software,7365.9900,U,0,2026-08-12 20:05:08.294237
61,EXT-61,Imported Product 61,Software,5768.9900,D,0,2026-08-12 20:05:08.298320
62,EXT-62,Imported Product 62,Services,6433.9900,U,0,2026-08-12 20:05:08.298320
63,EXT-63,Imported Product 63,Hardware,7417.9900,I,0,2026-08-12 20:05:08.298320
64,EXT-64,Imported Product 64,Services,1605.9900,I,0,2026-08-12 20:05:08.298320
65,EXT-65,Imported Product 65,Software,1844.9900,U,0,2026-08-12 20:05:08.302396
66,EXT-66,Imported Product 66,Services,1504.9900,D,0,2026-08-12 20:05:08.302396
67,EXT-67,Imported Product 67,Hardware,3169.9900,U,0,2026-08-12 20:05:08.302396
68,EXT-68,Imported Product 68,Software,7365.9900,D,0,2026-08-12 20:05:08.306479
69,EXT-69,Imported Product 69,Hardware,6944.9900,I,0,2026-08-12 20:05:08.306479
70,EXT-70,Imported Product 70,Hardware,1944.9900,D,0,2026-08-12 20:05:08.306479
71,EXT-71,Imported Product 71,Software,2082.9900,I,0,2026-08-12 20:05:08.310561
72,EXT-72,Imported Product 72,Software,9345.9900,U,0,2026-08-12 20:05:08.310561
73,EXT-73,Imported Product 73,Software,6960.9900,I,0,2026-08-12 20:05:08.310561
74,EXT-74,Imported Product 74,Software,6218.9900,U,0,2026-08-12 20:05:08.314638
75,EXT-75,Imported Product 75,Software,8155.9900,I,0,2026-08-12 20:05:08.314638
76,EXT-76,Imported Product 76,Services,8984.9900,D,0,2026-08-12 20:05:08.314638
77,EXT-77,Imported Product 77,Hardware,3406.9900,D,0,2026-08-12 20:05:08.318715
78,EXT-78,Imported Product 78,Hardware,6771.9900,U,0,2026-08-12 20:05:08.318715
79,EXT-79,Imported Product 79,Software,7218.9900,I,0,2026-08-12 20:05:08.318715
80,EXT-80,Imported Product 80,Services,8606.9900,I,0,2026-08-12 20:05:08.322799
81,EXT-81,Imported Product 81,Services,1345.9900,D,0,2026-08-12 20:05:08.322799
82,EXT-82,Imported Product 82,Services,2530.9900,D,0,2026-08-12 20:05:08.322799
83,EXT-83,Imported Product 83,Hardware,3577.9900,I,0,2026-08-12 20:05:08.326872
84,EXT-84,Imported Product 84,Services,2984.9900,U,0,2026-08-12 20:05:08.326872
85,EXT-85,Imported Product 85,Services,3046.9900,U,0,2026-08-12 20:05:08.326872
86,EXT-86,Imported Product 86,Services,4020.9900,U,0,2026-08-12 20:05:08.330944
87,EXT-87,Imported Product 87,Services,4097.9900,U,0,2026-08-12 20:05:08.330944
88,EXT-88,Imported Product 88,Software,666.9900,I,0,2026-08-12 20:05:08.330944
89,EXT-89,Imported Product 89,Software,8619.9900,D,0,2026-08-12 20:05:08.335018
90,EXT-90,Imported Product 90,Services,4926.9900,D,0,2026-08-12 20:05:08.335018
91,EXT-91,Imported Product 91,Hardware,1336.9900,D,0,2026-08-12 20:05:08.335018
92,EXT-92,Imported Product 92,Services,3373.9900,I,0,2026-08-12 20:05:08.335018
93,EXT-93,Imported Product 93,Hardware,3748.9900,D,0,2026-08-12 20:05:08.339091
94,EXT-94,Imported Product 94,Software,8062.9900,I,0,2026-08-12 20:05:08.339091
95,EXT-95,Imported Product 95,Hardware,2433.9900,U,0,2026-08-12 20:05:08.343162
96,EXT-96,Imported Product 96,Software,2623.9900,U,0,2026-08-12 20:05:08.343162
97,EXT-97,Imported Product 97,Services,7262.9900,I,0,2026-08-12 20:05:08.343162
98,EXT-98,Imported Product 98,Hardware,2584.9900,U,0,2026-08-12 20:05:08.347242
99,EXT-99,Imported Product 99,Software,1634.9900,I,0,2026-08-12 20:05:08.347242
100,EXT-100,Imported Product 100,Software,5552.9900,U,0,2026-08-12 20:05:08.347242
101,EXT-101,Imported Product 101,Hardware,7629.9900,I,0,2026-08-12 20:05:08.351322
102,EXT-102,Imported Product 102,Services,8336.9900,D,0,2026-08-12 20:05:08.351322
103,EXT-103,Imported Product 103,Services,2389.9900,I,0,2026-08-12 20:05:08.351322
104,EXT-104,Imported Product 104,Hardware,2286.9900,D,0,2026-08-12 20:05:08.355404
105,EXT-105,Imported Product 105,Services,8082.9900,I,0,2026-08-12 20:05:08.355404
106,EXT-106,Imported Product 106,Hardware,1858.9900,D,0,2026-08-12 20:05:08.355404
107,EXT-107,Imported Product 107,Services,4140.9900,I,0,2026-08-12 20:05:08.359484
108,EXT-108,Imported Product 108,Software,7683.9900,U,0,2026-08-12 20:05:08.359484
109,EXT-109,Imported Product 109,Software,8333.9900,U,0,2026-08-12 20:05:08.359484
110,EXT-110,Imported Product 110,Software,735.9900,D,0,2026-08-12 20:05:08.359484
111,EXT-111,Imported Product 111,Services,1608.9900,I,0,2026-08-12 20:05:08.363563
112,EXT-112,Imported Product 112,Software,9065.9900,D,0,2026-08-12 20:05:08.363563
113,EXT-113,Imported Product 113,Software,5120.9900,I,0,2026-08-12 20:05:08.363563
114,EXT-114,Imported Product 114,Software,5067.9900,U,0,2026-08-12 20:05:08.367639
115,EXT-115,Imported Product 115,Hardware,988.9900,I,0,2026-08-12 20:05:08.367639
116,EXT-116,Imported Product 116,Services,5786.9900,I,0,2026-08-12 20:05:08.367639
117,EXT-117,Imported Product 117,Software,101.9900,I,0,2026-08-12 20:05:08.367639
118,EXT-118,Imported Product 118,Software,6791.9900,U,0,2026-08-12 20:05:08.371716
119,EXT-119,Imported Product 119,Hardware,9964.9900,D,0,2026-08-12 20:05:08.371716
120,EXT-120,Imported Product 120,Services,1995.9900,U,0,2026-08-12 20:05:08.371716
121,EXT-121,Imported Product 121,Hardware,7498.9900,I,0,2026-08-12 20:05:08.375762
122,EXT-122,Imported Product 122,Software,3018.9900,D,0,2026-08-12 20:05:08.375762
123,EXT-123,Imported Product 123,Services,751.9900,I,0,2026-08-12 20:05:08.375762
124,EXT-124,Imported Product 124,Hardware,171.9900,D,0,2026-08-12 20:05:08.375762
125,EXT-125,Imported Product 125,Services,5472.9900,I,0,2026-08-12 20:05:08.379837
126,EXT-126,Imported Product 126,Services,2244.9900,I,0,2026-08-12 20:05:08.379837
127,EXT-127,Imported Product 127,Hardware,823.9900,I,0,2026-08-12 20:05:08.379837
128,EXT-128,Imported Product 128,Software,10080.9900,D,0,2026-08-12 20:05:08.383911
129,EXT-129,Imported Product 129,Hardware,358.9900,I,0,2026-08-12 20:05:08.383911
130,EXT-130,Imported Product 130,Services,393.9900,U,0,2026-08-12 20:05:08.383911
131,EXT-131,Imported Product 131,Software,2835.9900,I,0,2026-08-12 20:05:08.387982
132,EXT-132,Imported Product 132,Services,9986.9900,U,0,2026-08-12 20:05:08.387982
133,EXT-133,Imported Product 133,Hardware,155.9900,D,0,2026-08-12 20:05:08.387982
134,EXT-134,Imported Product 134,Services,10091.9900,I,0,2026-08-12 20:05:08.392054
135,EXT-135,Imported Product 135,Hardware,2275.9900,D,0,2026-08-12 20:05:08.392054
136,EXT-136,Imported Product 136,Services,2398.9900,I,0,2026-08-12 20:05:08.392054
137,EXT-137,Imported Product 137,Services,3348.9900,I,0,2026-08-12 20:05:08.396132
138,EXT-138,Imported Product 138,Software,4118.9900,U,0,2026-08-12 20:05:08.396132
139,EXT-139,Imported Product 139,Software,1684.9900,D,0,2026-08-12 20:05:08.396132
140,EXT-140,Imported Product 140,Services,6800.9900,I,0,2026-08-12 20:05:08.400220
141,EXT-141,Imported Product 141,Hardware,8330.9900,I,0,2026-08-12 20:05:08.400220
142,EXT-142,Imported Product 142,Software,4908.9900,I,0,2026-08-12 20:05:08.400220
143,EXT-143,Imported Product 143,Software,6606.9900,D,0,2026-08-12 20:05:08.404293
144,EXT-144,Imported Product 144,Software,1883.9900,U,0,2026-08-12 20:05:08.404293
145,EXT-145,Imported Product 145,Software,4905.9900,D,0,2026-08-12 20:05:08.404293
146,EXT-146,Imported Product 146,Services,8363.9900,I,0,2026-08-12 20:05:08.408366
147,EXT-147,Imported Product 147,Hardware,4785.9900,I,0,2026-08-12 20:05:08.408366
148,EXT-148,Imported Product 148,Services,2268.9900,U,0,2026-08-12 20:05:08.408366
149,EXT-149,Imported Product 149,Hardware,9321.9900,I,0,2026-08-12 20:05:08.412446
150,EXT-150,Imported Product 150,Services,5962.9900,U,0,2026-08-12 20:05:08.412446
151,EXT-151,Imported Product 151,Hardware,9129.9900,U,0,2026-08-12 20:05:08.412446
152,EXT-152,Imported Product 152,Hardware,1011.9900,I,0,2026-08-12 20:05:08.416525
153,EXT-153,Imported Product 153,Hardware,2548.9900,U,0,2026-08-12 20:05:08.416525
154,EXT-154,Imported Product 154,Services,5331.9900,D,0,2026-08-12 20:05:08.416525
155,EXT-155,Imported Product 155,Hardware,9248.9900,I,0,2026-08-12 20:05:08.420613
156,EXT-156,Imported Product 156,Software,1958.9900,D,0,2026-08-12 20:05:08.420613
157,EXT-157,Imported Product 157,Hardware,7620.9900,D,0,2026-08-12 20:05:08.420613
158,EXT-158,Imported Product 158,Hardware,4418.9900,I,0,2026-08-12 20:05:08.424694
159,EXT-159,Imported Product 159,Hardware,520.9900,I,0,2026-08-12 20:05:08.424694
160,EXT-160,Imported Product 160,Software,9946.9900,I,0,2026-08-12 20:05:08.424694
161,EXT-161,Imported Product 161,Software,7676.9900,I,0,2026-08-12 20:05:08.428775
162,EXT-162,Imported Product 162,Hardware,7838.9900,I,0,2026-08-12 20:05:08.428775
163,EXT-163,Imported Product 163,Hardware,6386.9900,D,0,2026-08-12 20:05:08.428775
164,EXT-164,Imported Product 164,Services,120.9900,D,0,2026-08-12 20:05:08.432849
165,EXT-165,Imported Product 165,Software,7751.9900,U,0,2026-08-12 20:05:08.432849
166,EXT-166,Imported Product 166,Hardware,6664.9900,D,0,2026-08-12 20:05:08.432849
167,EXT-167,Imported Product 167,Services,4174.9900,D,0,2026-08-12 20:05:08.436931
168,EXT-168,Imported Product 168,Services,6316.9900,I,0,2026-08-12 20:05:08.436931
169,EXT-169,Imported Product 169,Hardware,658.9900,I,0,2026-08-12 20:05:08.436931
170,EXT-170,Imported Product 170,Services,8558.9900,U,0,2026-08-12 20:05:08.441013
171,EXT-171,Imported Product 171,Hardware,4787.9900,D,0,2026-08-12 20:05:08.441013
172,EXT-172,Imported Product 172,Hardware,976.9900,I,0,2026-08-12 20:05:08.441013
173,EXT-173,Imported Product 173,Software,2682.9900,U,0,2026-08-12 20:05:08.445089
174,EXT-174,Imported Product 174,Hardware,3641.9900,U,0,2026-08-12 20:05:08.445089
175,EXT-175,Imported Product 175,Services,7465.9900,D,0,2026-08-12 20:05:08.445089
176,EXT-176,Imported Product 176,Services,2399.9900,D,0,2026-08-12 20:05:08.449162
177,EXT-177,Imported Product 177,Hardware,6477.9900,D,0,2026-08-12 20:05:08.449162
178,EXT-178,Imported Product 178,Software,3717.9900,U,0,2026-08-12 20:05:08.449162
179,EXT-179,Imported Product 179,Software,672.9900,I,0,2026-08-12 20:05:08.453236
180,EXT-180,Imported Product 180,Hardware,3418.9900,D,0,2026-08-12 20:05:08.453236
181,EXT-181,Imported Product 181,Hardware,6940.9900,D,0,2026-08-12 20:05:08.453236
182,EXT-182,Imported Product 182,Hardware,7429.9900,U,0,2026-08-12 20:05:08.457308
183,EXT-183,Imported Product 183,Services,5111.9900,D,0,2026-08-12 20:05:08.457308
184,EXT-184,Imported Product 184,Services,6433.9900,U,0,2026-08-12 20:05:08.457308
185,EXT-185,Imported Product 185,Software,4343.9900,D,0,2026-08-12 20:05:08.461381
186,EXT-186,Imported Product 186,Services,8025.9900,U,0,2026-08-12 20:05:08.461381
187,EXT-187,Imported Product 187,Services,2414.9900,I,0,2026-08-12 20:05:08.461381
188,EXT-188,Imported Product 188,Software,5854.9900,D,0,2026-08-12 20:05:08.465458
189,EXT-189,Imported Product 189,Services,5934.9900,U,0,2026-08-12 20:05:08.465458
190,EXT-190,Imported Product 190,Services,1947.9900,D,0,2026-08-12 20:05:08.465458
191,EXT-191,Imported Product 191,Hardware,7518.9900,U,0,2026-08-12 20:05:08.469532
192,EXT-192,Imported Product 192,Services,8670.9900,D,0,2026-08-12 20:05:08.469532
193,EXT-193,Imported Product 193,Hardware,5454.9900,I,0,2026-08-12 20:05:08.469532
194,EXT-194,Imported Product 194,Software,3956.9900,I,0,2026-08-12 20:05:08.473607
195,EXT-195,Imported Product 195,Software,5537.9900,U,0,2026-08-12 20:05:08.473607
196,EXT-196,Imported Product 196,Hardware,3983.9900,D,0,2026-08-12 20:05:08.473607
197,EXT-197,Imported Product 197,Hardware,7174.9900,I,0,2026-08-12 20:05:08.473607
198,EXT-198,Imported Product 198,Services,2279.9900,I,0,2026-08-12 20:05:08.477682
199,EXT-199,Imported Product 199,Hardware,8954.9900,U,0,2026-08-12 20:05:08.477682
200,EXT-200,Imported Product 200,Hardware,1588.9900,I,0,2026-08-12 20:05:08.477682
201,EXT-201,Imported Product 201,Hardware,8827.9900,I,0,2026-08-12 20:05:08.481761
202,EXT-202,Imported Product 202,Hardware,6365.9900,U,0,2026-08-12 20:05:08.481761
203,EXT-203,Imported Product 203,Services,8284.9900,D,0,2026-08-12 20:05:08.481761
204,EXT-204,Imported Product 204,Services,8090.9900,D,0,2026-08-12 20:05:08.485873
205,EXT-205,Imported Product 205,Hardware,7252.9900,D,0,2026-08-12 20:05:08.485873
206,EXT-206,Imported Product 206,Software,865.9900,D,0,2026-08-12 20:05:08.485873
207,EXT-207,Imported Product 207,Hardware,3447.9900,I,0,2026-08-12 20:05:08.489944
208,EXT-208,Imported Product 208,Software,9942.9900,I,0,2026-08-12 20:05:08.489944
209,EXT-209,Imported Product 209,Software,9283.9900,D,0,2026-08-12 20:05:08.489944
210,EXT-210,Imported Product 210,Services,6418.9900,U,0,2026-08-12 20:05:08.494023
211,EXT-211,Imported Product 211,Hardware,8081.9900,U,0,2026-08-12 20:05:08.494023
212,EXT-212,Imported Product 212,Software,358.9900,I,0,2026-08-12 20:05:08.494023
213,EXT-213,Imported Product 213,Services,878.9900,I,0,2026-08-12 20:05:08.498100
214,EXT-214,Imported Product 214,Software,2928.9900,U,0,2026-08-12 20:05:08.498100
215,EXT-215,Imported Product 215,Services,4956.9900,I,0,2026-08-12 20:05:08.502175
216,EXT-216,Imported Product 216,Software,9640.9900,I,0,2026-08-12 20:05:08.502175
217,EXT-217,Imported Product 217,Software,6903.9900,D,0,2026-08-12 20:05:08.502175
218,EXT-218,Imported Product 218,Software,6206.9900,I,0,2026-08-12 20:05:08.506253
219,EXT-219,Imported Product 219,Services,299.9900,U,0,2026-08-12 20:05:08.506253
220,EXT-220,Imported Product 220,Hardware,8107.9900,D,0,2026-08-12 20:05:08.506253
221,EXT-221,Imported Product 221,Software,5219.9900,D,0,2026-08-12 20:05:08.510332
222,EXT-222,Imported Product 222,Services,7286.9900,D,0,2026-08-12 20:05:08.510332
223,EXT-223,Imported Product 223,Software,8954.9900,D,0,2026-08-12 20:05:08.510332
224,EXT-224,Imported Product 224,Hardware,4929.9900,U,0,2026-08-12 20:05:08.514411
225,EXT-225,Imported Product 225,Software,5453.9900,D,0,2026-08-12 20:05:08.514411
226,EXT-226,Imported Product 226,Hardware,1203.9900,D,0,2026-08-12 20:05:08.514411
227,EXT-227,Imported Product 227,Software,3847.9900,I,0,2026-08-12 20:05:08.518485
228,EXT-228,Imported Product 228,Hardware,1353.9900,U,0,2026-08-12 20:05:08.518485
229,EXT-229,Imported Product 229,Services,8657.9900,I,0,2026-08-12 20:05:08.518485
230,EXT-230,Imported Product 230,Services,5352.9900,D,0,2026-08-12 20:05:08.522559
231,EXT-231,Imported Product 231,Software,2347.9900,U,0,2026-08-12 20:05:08.522559
232,EXT-232,Imported Product 232,Services,7467.9900,D,0,2026-08-12 20:05:08.522559
233,EXT-233,Imported Product 233,Services,9408.9900,U,0,2026-08-12 20:05:08.526639
234,EXT-234,Imported Product 234,Services,9866.9900,D,0,2026-08-12 20:05:08.526639
235,EXT-235,Imported Product 235,Software,571.9900,U,0,2026-08-12 20:05:08.526639
236,EXT-236,Imported Product 236,Services,7195.9900,D,0,2026-08-12 20:05:08.530720
237,EXT-237,Imported Product 237,Services,7932.9900,I,0,2026-08-12 20:05:08.530720
238,EXT-238,Imported Product 238,Services,5407.9900,U,0,2026-08-12 20:05:08.530720
239,EXT-239,Imported Product 239,Software,9114.9900,D,0,2026-08-12 20:05:08.534798
240,EXT-240,Imported Product 240,Hardware,7336.9900,I,0,2026-08-12 20:05:08.534798
241,EXT-241,Imported Product 241,Services,9332.9900,I,0,2026-08-12 20:05:08.534798
242,EXT-242,Imported Product 242,Hardware,5489.9900,D,0,2026-08-12 20:05:08.538884
243,EXT-243,Imported Product 243,Services,5941.9900,U,0,2026-08-12 20:05:08.538884
244,EXT-244,Imported Product 244,Hardware,7420.9900,I,0,2026-08-12 20:05:08.538884
245,EXT-245,Imported Product 245,Hardware,1125.9900,D,0,2026-08-12 20:05:08.542965
246,EXT-246,Imported Product 246,Software,7583.9900,U,0,2026-08-12 20:05:08.542965
247,EXT-247,Imported Product 247,Software,3130.9900,D,0,2026-08-12 20:05:08.542965
248,EXT-248,Imported Product 248,Services,3765.9900,D,0,2026-08-12 20:05:08.547042
249,EXT-249,Imported Product 249,Hardware,116.9900,I,0,2026-08-12 20:05:08.547042
250,EXT-250,Imported Product 250,Hardware,9090.9900,U,0,2026-08-12 20:05:08.547042
251,EXT-251,Imported Product 251,Services,1596.9900,U,0,2026-08-12 20:05:08.547042
252,EXT-252,Imported Product 252,Software,6015.9900,U,0,2026-08-12 20:05:08.551114
253,EXT-253,Imported Product 253,Services,8153.9900,I,0,2026-08-12 20:05:08.551114
254,EXT-254,Imported Product 254,Services,5074.9900,I,0,2026-08-12 20:05:08.551114
255,EXT-255,Imported Product 255,Software,5916.9900,U,0,2026-08-12 20:05:08.555189
256,EXT-256,Imported Product 256,Hardware,9151.9900,D,0,2026-08-12 20:05:08.555189
257,EXT-257,Imported Product 257,Services,8807.9900,I,0,2026-08-12 20:05:08.555189
258,EXT-258,Imported Product 258,Hardware,2479.9900,I,0,2026-08-12 20:05:08.559269
259,EXT-259,Imported Product 259,Hardware,784.9900,U,0,2026-08-12 20:05:08.559269
260,EXT-260,Imported Product 260,Services,4707.9900,D,0,2026-08-12 20:05:08.559269
261,EXT-261,Imported Product 261,Hardware,9877.9900,I,0,2026-08-12 20:05:08.563352
262,EXT-262,Imported Product 262,Services,8384.9900,U,0,2026-08-12 20:05:08.563352
263,EXT-263,Imported Product 263,Software,2981.9900,D,0,2026-08-12 20:05:08.563352
264,EXT-264,Imported Product 264,Software,7708.9900,D,0,2026-08-12 20:05:08.567431
265,EXT-265,Imported Product 265,Services,117.9900,U,0,2026-08-12 20:05:08.567431
266,EXT-266,Imported Product 266,Software,7809.9900,I,0,2026-08-12 20:05:08.567431
267,EXT-267,Imported Product 267,Services,7453.9900,U,0,2026-08-12 20:05:08.571507
268,EXT-268,Imported Product 268,Software,4382.9900,U,0,2026-08-12 20:05:08.571507
269,EXT-269,Imported Product 269,Services,5030.9900,D,0,2026-08-12 20:05:08.571507
270,EXT-270,Imported Product 270,Services,9988.9900,D,0,2026-08-12 20:05:08.575586
271,EXT-271,Imported Product 271,Hardware,6218.9900,I,0,2026-08-12 20:05:08.575586
272,EXT-272,Imported Product 272,Software,6404.9900,U,0,2026-08-12 20:05:08.575586
273,EXT-273,Imported Product 273,Services,9716.9900,I,0,2026-08-12 20:05:08.575586
274,EXT-274,Imported Product 274,Services,10098.9900,I,0,2026-08-12 20:05:08.579667
275,EXT-275,Imported Product 275,Software,1401.9900,U,0,2026-08-12 20:05:08.579667
276,EXT-276,Imported Product 276,Services,6796.9900,U,0,2026-08-12 20:05:08.579667
277,EXT-277,Imported Product 277,Hardware,4405.9900,D,0,2026-08-12 20:05:08.583743
278,EXT-278,Imported Product 278,Services,9153.9900,D,0,2026-08-12 20:05:08.583743
279,EXT-279,Imported Product 279,Hardware,9910.9900,D,0,2026-08-12 20:05:08.583743
280,EXT-280,Imported Product 280,Software,5364.9900,U,0,2026-08-12 20:05:08.587822
281,EXT-281,Imported Product 281,Hardware,2066.9900,U,0,2026-08-12 20:05:08.587822
282,EXT-282,Imported Product 282,Hardware,6665.9900,D,0,2026-08-12 20:05:08.587822
283,EXT-283,Imported Product 283,Hardware,2446.9900,U,0,2026-08-12 20:05:08.591902
284,EXT-284,Imported Product 284,Software,242.9900,I,0,2026-08-12 20:05:08.591902
285,EXT-285,Imported Product 285,Hardware,7861.9900,D,0,2026-08-12 20:05:08.591902
286,EXT-286,Imported Product 286,Services,5508.9900,D,0,2026-08-12 20:05:08.595981
287,EXT-287,Imported Product 287,Software,9993.9900,D,0,2026-08-12 20:05:08.595981
288,EXT-288,Imported Product 288,Services,7564.9900,D,0,2026-08-12 20:05:08.595981
289,EXT-289,Imported Product 289,Software,364.9900,I,0,2026-08-12 20:05:08.600052
290,EXT-290,Imported Product 290,Services,7613.9900,U,0,2026-08-12 20:05:08.600052
291,EXT-291,Imported Product 291,Services,7109.9900,D,0,2026-08-12 20:05:08.600052
292,EXT-292,Imported Product 292,Services,1911.9900,I,0,2026-08-12 20:05:08.604123
293,EXT-293,Imported Product 293,Hardware,5188.9900,I,0,2026-08-12 20:05:08.604123
294,EXT-294,Imported Product 294,Hardware,5885.9900,D,0,2026-08-12 20:05:08.604123
295,EXT-295,Imported Product 295,Services,4211.9900,U,0,2026-08-12 20:05:08.608199
296,EXT-296,Imported Product 296,Services,5972.9900,D,0,2026-08-12 20:05:08.608199
297,EXT-297,Imported Product 297,Hardware,9133.9900,I,0,2026-08-12 20:05:08.608199
298,EXT-298,Imported Product 298,Services,4469.9900,U,0,2026-08-12 20:05:08.612277
299,EXT-299,Imported Product 299,Software,447.9900,U,0,2026-08-12 20:05:08.612277
300,EXT-300,Imported Product 300,Software,8151.9900,U,0,2026-08-12 20:05:08.612277
301,EXT-301,Imported Product 301,Services,8332.9900,I,0,2026-08-12 20:05:08.616354
302,EXT-302,Imported Product 302,Software,1389.9900,I,0,2026-08-12 20:05:08.616354
303,EXT-303,Imported Product 303,Services,4380.9900,U,0,2026-08-12 20:05:08.616354
304,EXT-304,Imported Product 304,Services,4383.9900,U,0,2026-08-12 20:05:08.620433
305,EXT-305,Imported Product 305,Software,7174.9900,D,0,2026-08-12 20:05:08.620433
306,EXT-306,Imported Product 306,Software,5544.9900,D,0,2026-08-12 20:05:08.620433
307,EXT-307,Imported Product 307,Hardware,7680.9900,D,0,2026-08-12 20:05:08.624513
308,EXT-308,Imported Product 308,Software,6669.9900,D,0,2026-08-12 20:05:08.624513
309,EXT-309,Imported Product 309,Services,8282.9900,I,0,2026-08-12 20:05:08.624513
310,EXT-310,Imported Product 310,Services,5133.9900,D,0,2026-08-12 20:05:08.628599
311,EXT-311,Imported Product 311,Software,1712.9900,D,0,2026-08-12 20:05:08.628599
312,EXT-312,Imported Product 312,Software,801.9900,U,0,2026-08-12 20:05:08.628599
313,EXT-313,Imported Product 313,Hardware,760.9900,U,0,2026-08-12 20:05:08.632678
314,EXT-314,Imported Product 314,Software,7200.9900,D,0,2026-08-12 20:05:08.632678
315,EXT-315,Imported Product 315,Software,7768.9900,U,0,2026-08-12 20:05:08.632678
316,EXT-316,Imported Product 316,Software,8173.9900,U,0,2026-08-12 20:05:08.636758
317,EXT-317,Imported Product 317,Software,3463.9900,I,0,2026-08-12 20:05:08.636758
318,EXT-318,Imported Product 318,Services,8612.9900,I,0,2026-08-12 20:05:08.636758
319,EXT-319,Imported Product 319,Hardware,4825.9900,D,0,2026-08-12 20:05:08.640837
320,EXT-320,Imported Product 320,Hardware,8072.9900,U,0,2026-08-12 20:05:08.640837
321,EXT-321,Imported Product 321,Hardware,7371.9900,I,0,2026-08-12 20:05:08.640837
322,EXT-322,Imported Product 322,Software,5499.9900,I,0,2026-08-12 20:05:08.644915
323,EXT-323,Imported Product 323,Hardware,1327.9900,U,0,2026-08-12 20:05:08.644915
324,EXT-324,Imported Product 324,Services,7956.9900,D,0,2026-08-12 20:05:08.644915
325,EXT-325,Imported Product 325,Software,5039.9900,D,0,2026-08-12 20:05:08.648986
326,EXT-326,Imported Product 326,Services,9474.9900,I,0,2026-08-12 20:05:08.648986
327,EXT-327,Imported Product 327,Software,7914.9900,U,0,2026-08-12 20:05:08.648986
328,EXT-328,Imported Product 328,Hardware,7379.9900,U,0,2026-08-12 20:05:08.648986
329,EXT-329,Imported Product 329,Software,1263.9900,I,0,2026-08-12 20:05:08.653067
330,EXT-330,Imported Product 330,Services,1418.9900,I,0,2026-08-12 20:05:08.653067
331,EXT-331,Imported Product 331,Hardware,4011.9900,I,0,2026-08-12 20:05:08.653067
332,EXT-332,Imported Product 332,Software,4128.9900,U,0,2026-08-12 20:05:08.657149
333,EXT-333,Imported Product 333,Services,116.9900,U,0,2026-08-12 20:05:08.657149
334,EXT-334,Imported Product 334,Hardware,4506.9900,U,0,2026-08-12 20:05:08.657149
335,EXT-335,Imported Product 335,Hardware,523.9900,D,0,2026-08-12 20:05:08.661232
336,EXT-336,Imported Product 336,Software,4539.9900,D,0,2026-08-12 20:05:08.661232
337,EXT-337,Imported Product 337,Services,2905.9900,I,0,2026-08-12 20:05:08.661232
338,EXT-338,Imported Product 338,Software,890.9900,U,0,2026-08-12 20:05:08.665309
339,EXT-339,Imported Product 339,Hardware,2925.9900,D,0,2026-08-12 20:05:08.665309
340,EXT-340,Imported Product 340,Software,1448.9900,U,0,2026-08-12 20:05:08.665309
341,EXT-341,Imported Product 341,Software,5856.9900,D,0,2026-08-12 20:05:08.669382
342,EXT-342,Imported Product 342,Hardware,9873.9900,D,0,2026-08-12 20:05:08.669382
343,EXT-343,Imported Product 343,Hardware,938.9900,D,0,2026-08-12 20:05:08.669382
344,EXT-344,Imported Product 344,Hardware,2921.9900,I,0,2026-08-12 20:05:08.673460
345,EXT-345,Imported Product 345,Software,2193.9900,D,0,2026-08-12 20:05:08.673460
346,EXT-346,Imported Product 346,Services,3624.9900,U,0,2026-08-12 20:05:08.673460
347,EXT-347,Imported Product 347,Software,9803.9900,U,0,2026-08-12 20:05:08.677542
348,EXT-348,Imported Product 348,Software,6466.9900,I,0,2026-08-12 20:05:08.677542
349,EXT-349,Imported Product 349,Hardware,9008.9900,U,0,2026-08-12 20:05:08.677542
350,EXT-350,Imported Product 350,Hardware,9933.9900,I,0,2026-08-12 20:05:08.681623
351,EXT-351,Imported Product 351,Services,7296.9900,I,0,2026-08-12 20:05:08.681623
352,EXT-352,Imported Product 352,Hardware,1859.9900,I,0,2026-08-12 20:05:08.681623
353,EXT-353,Imported Product 353,Software,9752.9900,D,0,2026-08-12 20:05:08.685700
354,EXT-354,Imported Product 354,Software,8514.9900,U,0,2026-08-12 20:05:08.685700
355,EXT-355,Imported Product 355,Software,4832.9900,D,0,2026-08-12 20:05:08.685700
356,EXT-356,Imported Product 356,Software,4550.9900,I,0,2026-08-12 20:05:08.689780
357,EXT-357,Imported Product 357,Services,4393.9900,D,0,2026-08-12 20:05:08.689780
358,EXT-358,Imported Product 358,Hardware,9885.9900,D,0,2026-08-12 20:05:08.689780
359,EXT-359,Imported Product 359,Software,2387.9900,D,0,2026-08-12 20:05:08.693861
360,EXT-360,Imported Product 360,Software,5271.9900,U,0,2026-08-12 20:05:08.693861
361,EXT-361,Imported Product 361,Hardware,5576.9900,I,0,2026-08-12 20:05:08.693861
362,EXT-362,Imported Product 362,Hardware,9399.9900,U,0,2026-08-12 20:05:08.697934
363,EXT-363,Imported Product 363,Hardware,9867.9900,D,0,2026-08-12 20:05:08.697934
364,EXT-364,Imported Product 364,Hardware,8213.9900,I,0,2026-08-12 20:05:08.697934
365,EXT-365,Imported Product 365,Services,6345.9900,I,0,2026-08-12 20:05:08.702006
366,EXT-366,Imported Product 366,Software,757.9900,D,0,2026-08-12 20:05:08.702006
367,EXT-367,Imported Product 367,Hardware,2678.9900,U,0,2026-08-12 20:05:08.702006
368,EXT-368,Imported Product 368,Hardware,651.9900,U,0,2026-08-12 20:05:08.706082
369,EXT-369,Imported Product 369,Hardware,6624.9900,D,0,2026-08-12 20:05:08.706082
370,EXT-370,Imported Product 370,Services,7715.9900,I,0,2026-08-12 20:05:08.706082
371,EXT-371,Imported Product 371,Hardware,3747.9900,D,0,2026-08-12 20:05:08.710157
372,EXT-372,Imported Product 372,Software,9184.9900,D,0,2026-08-12 20:05:08.710157
373,EXT-373,Imported Product 373,Services,9765.9900,U,0,2026-08-12 20:05:08.710157
374,EXT-374,Imported Product 374,Software,5941.9900,I,0,2026-08-12 20:05:08.714231
375,EXT-375,Imported Product 375,Services,7078.9900,I,0,2026-08-12 20:05:08.714231
376,EXT-376,Imported Product 376,Services,8110.9900,I,0,2026-08-12 20:05:08.714231
377,EXT-377,Imported Product 377,Hardware,8452.9900,D,0,2026-08-12 20:05:08.718308
378,EXT-378,Imported Product 378,Hardware,1453.9900,D,0,2026-08-12 20:05:08.718308
379,EXT-379,Imported Product 379,Services,7985.9900,U,0,2026-08-12 20:05:08.722381
380,EXT-380,Imported Product 380,Hardware,2080.9900,U,0,2026-08-12 20:05:08.722381
381,EXT-381,Imported Product 381,Services,4507.9900,D,0,2026-08-12 20:05:08.722381
382,EXT-382,Imported Product 382,Services,4562.9900,I,0,2026-08-12 20:05:08.726461
383,EXT-383,Imported Product 383,Hardware,5963.9900,D,0,2026-08-12 20:05:08.726461
384,EXT-384,Imported Product 384,Services,4480.9900,D,0,2026-08-12 20:05:08.726461
385,EXT-385,Imported Product 385,Hardware,4958.9900,D,0,2026-08-12 20:05:08.730536
386,EXT-386,Imported Product 386,Software,3067.9900,D,0,2026-08-12 20:05:08.730536
387,EXT-387,Imported Product 387,Hardware,1234.9900,U,0,2026-08-12 20:05:08.730536
388,EXT-388,Imported Product 388,Software,1760.9900,D,0,2026-08-12 20:05:08.734612
389,EXT-389,Imported Product 389,Software,181.9900,U,0,2026-08-12 20:05:08.734612
390,EXT-390,Imported Product 390,Software,4490.9900,D,0,2026-08-12 20:05:08.734612
391,EXT-391,Imported Product 391,Software,7472.9900,U,0,2026-08-12 20:05:08.738689
392,EXT-392,Imported Product 392,Software,1139.9900,U,0,2026-08-12 20:05:08.738689
393,EXT-393,Imported Product 393,Services,7071.9900,I,0,2026-08-12 20:05:08.738689
394,EXT-394,Imported Product 394,Software,2624.9900,I,0,2026-08-12 20:05:08.742762
395,EXT-395,Imported Product 395,Services,1625.9900,D,0,2026-08-12 20:05:08.742762
396,EXT-396,Imported Product 396,Software,544.9900,I,0,2026-08-12 20:05:08.742762
397,EXT-397,Imported Product 397,Software,1571.9900,U,0,2026-08-12 20:05:08.746836
398,EXT-398,Imported Product 398,Hardware,2096.9900,I,0,2026-08-12 20:05:08.746836
399,EXT-399,Imported Product 399,Hardware,9195.9900,U,0,2026-08-12 20:05:08.746836
400,EXT-400,Imported Product 400,Software,4981.9900,U,0,2026-08-12 20:05:08.750915
401,EXT-401,Imported Product 401,Services,3990.9900,U,0,2026-08-12 20:05:08.750915
402,EXT-402,Imported Product 402,Services,9874.9900,I,0,2026-08-12 20:05:08.750915
403,EXT-403,Imported Product 403,Hardware,9431.9900,U,0,2026-08-12 20:05:08.754994
404,EXT-404,Imported Product 404,Hardware,8372.9900,U,0,2026-08-12 20:05:08.754994
405,EXT-405,Imported Product 405,Hardware,9809.9900,D,0,2026-08-12 20:05:08.754994
406,EXT-406,Imported Product 406,Hardware,4383.9900,D,0,2026-08-12 20:05:08.759068
407,EXT-407,Imported Product 407,Services,6917.9900,I,0,2026-08-12 20:05:08.759068
408,EXT-408,Imported Product 408,Software,8761.9900,D,0,2026-08-12 20:05:08.759068
409,EXT-409,Imported Product 409,Services,1414.9900,D,0,2026-08-12 20:05:08.763142
410,EXT-410,Imported Product 410,Software,8209.9900,U,0,2026-08-12 20:05:08.763142
411,EXT-411,Imported Product 411,Services,334.9900,D,0,2026-08-12 20:05:08.763142
412,EXT-412,Imported Product 412,Hardware,2207.9900,I,0,2026-08-12 20:05:08.767215
413,EXT-413,Imported Product 413,Software,3421.9900,U,0,2026-08-12 20:05:08.767215
414,EXT-414,Imported Product 414,Services,501.9900,I,0,2026-08-12 20:05:08.767215
415,EXT-415,Imported Product 415,Services,3343.9900,I,0,2026-08-12 20:05:08.771288
416,EXT-416,Imported Product 416,Software,2567.9900,I,0,2026-08-12 20:05:08.771288
417,EXT-417,Imported Product 417,Hardware,2657.9900,I,0,2026-08-12 20:05:08.771288
418,EXT-418,Imported Product 418,Software,7059.9900,D,0,2026-08-12 20:05:08.775361
419,EXT-419,Imported Product 419,Services,8658.9900,D,0,2026-08-12 20:05:08.775361
420,EXT-420,Imported Product 420,Services,1714.9900,D,0,2026-08-12 20:05:08.775361
421,EXT-421,Imported Product 421,Software,3376.9900,U,0,2026-08-12 20:05:08.779447
422,EXT-422,Imported Product 422,Services,9432.9900,D,0,2026-08-12 20:05:08.779447
423,EXT-423,Imported Product 423,Services,9931.9900,U,0,2026-08-12 20:05:08.779447
424,EXT-424,Imported Product 424,Hardware,6173.9900,D,0,2026-08-12 20:05:08.783521
425,EXT-425,Imported Product 425,Hardware,349.9900,U,0,2026-08-12 20:05:08.783521
426,EXT-426,Imported Product 426,Services,6909.9900,D,0,2026-08-12 20:05:08.783521
427,EXT-427,Imported Product 427,Software,1845.9900,I,0,2026-08-12 20:05:08.783521
428,EXT-428,Imported Product 428,Hardware,1038.9900,U,0,2026-08-12 20:05:08.787601
429,EXT-429,Imported Product 429,Services,5425.9900,U,0,2026-08-12 20:05:08.787601
430,EXT-430,Imported Product 430,Software,154.9900,I,0,2026-08-12 20:05:08.787601
431,EXT-431,Imported Product 431,Hardware,8609.9900,I,0,2026-08-12 20:05:08.791678
432,EXT-432,Imported Product 432,Software,6916.9900,U,0,2026-08-12 20:05:08.791678
433,EXT-433,Imported Product 433,Hardware,6656.9900,U,0,2026-08-12 20:05:08.791678
434,EXT-434,Imported Product 434,Hardware,4167.9900,U,0,2026-08-12 20:05:08.791678
435,EXT-435,Imported Product 435,Software,3294.9900,D,0,2026-08-12 20:05:08.795926
436,EXT-436,Imported Product 436,Software,6655.9900,I,0,2026-08-12 20:05:08.795926
437,EXT-437,Imported Product 437,Services,7226.9900,D,0,2026-08-12 20:05:08.795926
438,EXT-438,Imported Product 438,Hardware,9054.9900,D,0,2026-08-12 20:05:08.800001
439,EXT-439,Imported Product 439,Software,6825.9900,U,0,2026-08-12 20:05:08.800001
440,EXT-440,Imported Product 440,Software,1317.9900,U,0,2026-08-12 20:05:08.800001
441,EXT-441,Imported Product 441,Software,9415.9900,I,0,2026-08-12 20:05:08.804082
442,EXT-442,Imported Product 442,Services,2525.9900,I,0,2026-08-12 20:05:08.804082
443,EXT-443,Imported Product 443,Services,5249.9900,U,0,2026-08-12 20:05:08.804082
444,EXT-444,Imported Product 444,Hardware,2384.9900,U,0,2026-08-12 20:05:08.808168
445,EXT-445,Imported Product 445,Services,161.9900,I,0,2026-08-12 20:05:08.808168
446,EXT-446,Imported Product 446,Services,5100.9900,I,0,2026-08-12 20:05:08.808168
447,EXT-447,Imported Product 447,Software,2595.9900,U,0,2026-08-12 20:05:08.812248
448,EXT-448,Imported Product 448,Software,1284.9900,I,0,2026-08-12 20:05:08.812248
449,EXT-449,Imported Product 449,Software,8837.9900,U,0,2026-08-12 20:05:08.812248
450,EXT-450,Imported Product 450,Hardware,7047.9900,U,0,2026-08-12 20:05:08.816331
451,EXT-451,Imported Product 451,Services,1830.9900,U,0,2026-08-12 20:05:08.816331
452,EXT-452,Imported Product 452,Services,4199.9900,U,0,2026-08-12 20:05:08.816331
453,EXT-453,Imported Product 453,Services,9263.9900,D,0,2026-08-12 20:05:08.816331
454,EXT-454,Imported Product 454,Services,7929.9900,U,0,2026-08-12 20:05:08.820406
455,EXT-455,Imported Product 455,Software,3914.9900,D,0,2026-08-12 20:05:08.820406
456,EXT-456,Imported Product 456,Hardware,2986.9900,D,0,2026-08-12 20:05:08.820406
457,EXT-457,Imported Product 457,Hardware,6581.9900,D,0,2026-08-12 20:05:08.824489
458,EXT-458,Imported Product 458,Hardware,2729.9900,I,0,2026-08-12 20:05:08.824489
459,EXT-459,Imported Product 459,Hardware,792.9900,I,0,2026-08-12 20:05:08.824489
460,EXT-460,Imported Product 460,Hardware,3447.9900,U,0,2026-08-12 20:05:08.828571
461,EXT-461,Imported Product 461,Services,6050.9900,I,0,2026-08-12 20:05:08.828571
462,EXT-462,Imported Product 462,Hardware,4530.9900,I,0,2026-08-12 20:05:08.828571
463,EXT-463,Imported Product 463,Services,3384.9900,D,0,2026-08-12 20:05:08.832658
464,EXT-464,Imported Product 464,Services,6512.9900,U,0,2026-08-12 20:05:08.832658
465,EXT-465,Imported Product 465,Software,6503.9900,D,0,2026-08-12 20:05:08.832658
466,EXT-466,Imported Product 466,Hardware,9982.9900,D,0,2026-08-12 20:05:08.832658
467,EXT-467,Imported Product 467,Hardware,6427.9900,I,0,2026-08-12 20:05:08.836744
468,EXT-468,Imported Product 468,Services,1134.9900,I,0,2026-08-12 20:05:08.836744
469,EXT-469,Imported Product 469,Software,9426.9900,U,0,2026-08-12 20:05:08.836744
470,EXT-470,Imported Product 470,Hardware,5565.9900,U,0,2026-08-12 20:05:08.840826
471,EXT-471,Imported Product 471,Services,7779.9900,D,0,2026-08-12 20:05:08.840826
472,EXT-472,Imported Product 472,Hardware,7759.9900,I,0,2026-08-12 20:05:08.840826
473,EXT-473,Imported Product 473,Software,9094.9900,U,0,2026-08-12 20:05:08.844910
474,EXT-474,Imported Product 474,Services,7979.9900,U,0,2026-08-12 20:05:08.844910
475,EXT-475,Imported Product 475,Software,4711.9900,U,0,2026-08-12 20:05:08.844910
476,EXT-476,Imported Product 476,Software,8593.9900,U,0,2026-08-12 20:05:08.844910
477,EXT-477,Imported Product 477,Services,4111.9900,I,0,2026-08-12 20:05:08.848990
478,EXT-478,Imported Product 478,Software,2569.9900,D,0,2026-08-12 20:05:08.848990
479,EXT-479,Imported Product 479,Services,9107.9900,U,0,2026-08-12 20:05:08.848990
480,EXT-480,Imported Product 480,Software,7586.9900,I,0,2026-08-12 20:05:08.853073
481,EXT-481,Imported Product 481,Software,3695.9900,U,0,2026-08-12 20:05:08.853073
482,EXT-482,Imported Product 482,Services,7317.9900,D,0,2026-08-12 20:05:08.853073
483,EXT-483,Imported Product 483,Services,5035.9900,U,0,2026-08-12 20:05:08.857157
484,EXT-484,Imported Product 484,Software,6213.9900,U,0,2026-08-12 20:05:08.857157
485,EXT-485,Imported Product 485,Software,1740.9900,U,0,2026-08-12 20:05:08.857157
486,EXT-486,Imported Product 486,Software,7924.9900,D,0,2026-08-12 20:05:08.861240
487,EXT-487,Imported Product 487,Software,267.9900,I,0,2026-08-12 20:05:08.861240
488,EXT-488,Imported Product 488,Software,5548.9900,D,0,2026-08-12 20:05:08.861240
489,EXT-489,Imported Product 489,Services,6272.9900,D,0,2026-08-12 20:05:08.861240
490,EXT-490,Imported Product 490,Services,199.9900,D,0,2026-08-12 20:05:08.865324
491,EXT-491,Imported Product 491,Software,8850.9900,U,0,2026-08-12 20:05:08.865324
492,EXT-492,Imported Product 492,Hardware,1326.9900,I,0,2026-08-12 20:05:08.865324
493,EXT-493,Imported Product 493,Services,2778.9900,U,0,2026-08-12 20:05:08.865324
494,EXT-494,Imported Product 494,Software,540.9900,I,0,2026-08-12 20:05:08.869409
495,EXT-495,Imported Product 495,Services,10063.9900,D,0,2026-08-12 20:05:08.869409
496,EXT-496,Imported Product 496,Services,8286.9900,U,0,2026-08-12 20:05:08.869409
497,EXT-497,Imported Product 497,Hardware,2110.9900,U,0,2026-08-12 20:05:08.873495
498,EXT-498,Imported Product 498,Hardware,897.9900,U,0,2026-08-12 20:05:08.873495
499,EXT-499,Imported Product 499,Services,4705.9900,U,0,2026-08-12 20:05:08.873495
500,EXT-500,Imported Product 500,Services,1666.9900,I,0,2026-08-12 20:05:08.873495
